Date,Route,Rating,Notes,URL,Pitches,Location,"Avg Stars","Your Stars",Style,"Lead Style","Route Type","Your Rating",Length,"Rating Code"
2021-01-24,"Tennis Shoe Arete",V2,,https://www.mountainproject.com/route/108412958/tennis-shoe-arete,1,"Illinois > *The Holy Boulders > F: Shadow of a Man Area",2.6,3,Send,,Boulder,V2,,20200
2021-01-23,"Davenport of a Man",V6+,,https://www.mountainproject.com/route/120229377/davenport-of-a-man,1,"Illinois > *The Holy Boulders > F: Shadow of a Man Area",3.0,3,Send,,Boulder,V6+,20,20610
2021-01-23,Calypso,V6,"Day flash",https://www.mountainproject.com/route/111767702/calypso,1,"Illinois > *The Holy Boulders > D: Atlas Boulder",3.6,3,Send,,Boulder,V6,10,20600
2021-01-23,"Sukha Sit",V5,,https://www.mountainproject.com/route/111289342/sukha-sit,1,"Illinois > *The Holy Boulders > K: Brown Cow Area",3.1,3,Send,,Boulder,,,20500
2021-01-23,"Weight of the World",V6,,https://www.mountainproject.com/route/112244295/weight-of-the-world,1,"Illinois > *The Holy Boulders > D: Atlas Boulder",3.0,3,Send,,Boulder,,,20600
2021-01-23,"Cracked Shell","V5 PG13",,https://www.mountainproject.com/route/108606872/cracked-shell,1,"Illinois > *The Holy Boulders > U: Vultures Nest Boulders",3.5,3,Send,,Boulder,V5,9,20500
2020-12-06,"Shadow of Davenport",V7,,https://www.mountainproject.com/route/112802494/shadow-of-davenport,1,"Illinois > *The Holy Boulders > F: Shadow of a Man Area",2.3,3,Send,,Boulder,V6,15,20700
2020-12-06,"Secret of Davenport",V5-6,,https://www.mountainproject.com/route/108312199/secret-of-davenport,1,"Illinois > *The Holy Boulders > F: Shadow of a Man Area",2.1,3,Send,,Boulder,,8,20550
2020-12-06,"Undercling King",V5-6,,https://www.mountainproject.com/route/108312271/undercling-king,1,"Illinois > *The Holy Boulders > Q: Illuminati Boulders",3.6,4,Send,,Boulder,,15,20550
2020-12-06,Onyx,V6+,,https://www.mountainproject.com/route/108312298/onyx,1,"Illinois > *The Holy Boulders > Q: Illuminati Boulders",3.2,3,Send,,Boulder,V7,10,20610
2020-12-06,"Bill Cosby",V4-5,,https://www.mountainproject.com/route/112790640/bill-cosby,1,"Illinois > *The Holy Boulders > R: Jump for Jesus Area",2.9,3,Send,,Boulder,,15,20450
2020-11-08,"American Handgunner",5.11d,"Hardest onsight to date!",https://www.mountainproject.com/route/113694304/american-handgunner,1,"Illinois > *Jackson Falls > A. North Canyon > I. Railroad Rock",3.8,4,Lead,Onsight,Sport,,45,5500
2020-11-08,"Slab Stick Comedy",5.12a,,https://www.mountainproject.com/route/106061378/slab-stick-comedy,2,"Illinois > *Jackson Falls > A. North Canyon > J. Railroad Rock Cliffline",3.2,3,Lead,Redpoint,Sport,5.12a,50,6600
2020-11-01,Hoser,5.12b,"Second try",https://www.mountainproject.com/route/113948799/hoser,2,"Illinois > *Jackson Falls > F. The Promised Land",4.0,4,Lead,Redpoint,Sport,5.12b,50,6900
2020-11-01,"Balance of Power",5.12c,"Eight or nine attempts over several weekends. Great route with a difficult crux!",https://www.mountainproject.com/route/113664757/balance-of-power,2,"Illinois > *Jackson Falls > F. The Promised Land",4.0,4,Lead,Redpoint,Sport,5.12c,70,7200
2020-10-31,"Stinger Direct",5.11c,!,https://www.mountainproject.com/route/106130183/stinger-direct,1,"Illinois > *Jackson Falls > A. North Canyon > A. Mr. Jimmy",3.0,3,Lead,Redpoint,Sport,5.11d,,5200
2020-10-31,"Flingin Hog",5.10d,,https://www.mountainproject.com/route/106130238/flingin-hog,1,"Illinois > *Jackson Falls > A. North Canyon > D. Beaver Wall",2.9,3,Lead,Redpoint,Sport,,45,3500
2020-10-31,DSB,5.12d,"Third go. First 12d in a day!",https://www.mountainproject.com/route/113664573/dsb,3,"Illinois > *Jackson Falls > B. West Falls > F. Dynasty Wall",3.9,4,Lead,Redpoint,Sport,,60,7500
2020-10-04,"Storm Watch",5.12c,"Second go",https://www.mountainproject.com/route/113831719/storm-watch,2,"Illinois > *Jackson Falls > C. North Falls > E. Spleef Peak",2.7,3,Lead,Redpoint,Sport,5.12c,30,7200
2020-10-04,Energizer,5.12a,,https://www.mountainproject.com/route/108438317/energizer,1,"Illinois > *Jackson Falls > B. West Falls > B. Black Sheep Boulder",3.8,3,Lead,Redpoint,Sport,,,6600
2020-10-04,"Ain’t No Sunshine",5.12c,"Second go",https://www.mountainproject.com/route/115346962/aint-no-sunshine,2,"Illinois > *Jackson Falls > B. West Falls > C. Applejack Wall",2.8,3,Lead,Redpoint,Sport,5.12c,35,7200
2020-10-03,"Angry Child",5.12b,"Three tries previous weekend, first go this weekend",https://www.mountainproject.com/route/113714010/angry-child,1,"Illinois > *Jackson Falls > C. North Falls > F. The Doors",2.7,3,Lead,Redpoint,Sport,5.12b,40,6900
2020-09-27,"No Dogs Allowed",5.12b,,https://www.mountainproject.com/route/106243251/no-dogs-allowed,1,"Illinois > *Jackson Falls > C. North Falls > A. Royal Arches Wall",2.6,2,Lead,Flash,Sport,5.12b,,6900
2020-09-27,"Feathered Serpent",5.12b/c,"Five attempts spread over several days. Would have been much harder if I were any shorter than 5&#39;8&#34;.",https://www.mountainproject.com/route/106679427/feathered-serpent,5,"Illinois > *Jackson Falls > C. North Falls > B. Snakes Roof",2.8,3,Lead,Redpoint,Sport,,,7100
2020-09-26,"Birthday Route",5.10b,,https://www.mountainproject.com/route/106278213/birthday-route,1,"Illinois > *Jackson Falls > A. North Canyon > E. Big Star Wall",2.4,2,Lead,Onsight,Sport,,,2900
2020-09-05,"Stand & Deliver",5.11b,"Almost OS. What a fun read!",https://www.mountainproject.com/route/107017081/stand-deliver,1,"Illinois > *Jackson Falls > C. North Falls > H. Wizard Wall",3.4,4,Lead,Redpoint,Sport,,45,4900
2020-09-05,"Little Johnny Jewel",5.11b,"Second go. Definitely a hidden gem!",https://www.mountainproject.com/route/106933048/little-johnny-jewel,2,"Illinois > *Jackson Falls > C. North Falls > F. The Doors",3.2,4,Lead,Redpoint,Sport,,50,4900
2020-07-18,"Standing Eight Count",5.11c,,https://www.mountainproject.com/route/106204596/standing-eight-count,1,"Colorado > Independence Pass > Outrageous Overhangs Area > Olympic Wall",3.4,3,Lead,Flash,Sport,,75,5200
2020-07-18,"One Strike and You're Out",5.12a,"Second go. Interesting movement.",https://www.mountainproject.com/route/105760839/one-strike-and-youre-out,2,"Colorado > Independence Pass > Outrageous Overhangs Area > Olympic Wall",3.5,3,Lead,Redpoint,Sport,,,6600
2020-03-08,"Team Honda",5.12a,,https://www.mountainproject.com/route/113512695/team-honda,2,"Illinois > *Jackson Falls > F. The Promised Land",3.8,4,Lead,Redpoint,Sport,5.12a,65,6600
2020-03-08,"Hubba Hubba",5.12d,,https://www.mountainproject.com/route/113832312/hubba-hubba,4,"Illinois > *Jackson Falls > F. The Promised Land",4.0,4,Lead,Redpoint,Sport,,65,7500
2020-03-01,Puff,5.11a,Underrated!,https://www.mountainproject.com/route/106243336/puff,1,"Illinois > *Jackson Falls > C. North Falls > G. Main Pool",2.7,3,Lead,Onsight,Sport,5.11a,,4600
2020-03-01,"Rajun’ Cajun",5.12d,"Six(ish) attempts. Needed some help with beta.",https://www.mountainproject.com/route/115346904/rajun-cajun,6,"Illinois > *Jackson Falls > B. West Falls > C. Applejack Wall",3.8,4,Lead,Redpoint,Sport,,40,7500
2020-03-01,"Barbarians at the Gate",5.12b,"Felt comparable to other 12bs at Jackson. All of the business was in the first half.",https://www.mountainproject.com/route/106964908/barbarians-at-the-gate,2,"Illinois > *Jackson Falls > A. North Canyon > I. Railroad Rock",3.4,4,Lead,Redpoint,Sport,5.12b,,6900
2020-02-29,"East of East St. Louis",5.13c,"Six total attempts over three weekends. Great climbing with phenomenal rests.",https://www.mountainproject.com/route/106814144/east-of-east-st-louis,6,"Illinois > *Jackson Falls > B. West Falls > E. Exam Wall",3.9,4,Lead,Redpoint,Sport,5.13c,,9200
2020-02-22,Hydra,"5.12b/c V5","Enjoyable movement and great aesthetics. A hidden gem.",https://www.mountainproject.com/route/107633069/hydra,1,"Illinois > *Jackson Falls > C. North Falls > G. Main Pool",3.2,4,Lead,Flash,"Sport, Boulder",5.12b,35,7100
2019-11-10,"Automatic Damnation",5.11c,,https://www.mountainproject.com/route/113599577/automatic-damnation,1,"Illinois > *Jackson Falls > E. South Canyon > A. Industry Wall",3.8,4,Lead,Onsight,Sport,5.11c,50,5200
2019-11-09,Extinguisher,5.12a,,https://www.mountainproject.com/route/109472699/extinguisher,1,"Illinois > *Jackson Falls > B. West Falls > C. Applejack Wall",3.1,3,Lead,Flash,Sport,5.12a,5,6600
2019-11-09,"Emperor of the North",5.13a,"Maybe 8 total tries.",https://www.mountainproject.com/route/107941944/emperor-of-the-north,2,"Illinois > *Jackson Falls > B. West Falls > F. Dynasty Wall",4.0,4,Lead,Redpoint,Sport,5.13a,70,8600
2019-11-03,Stiletto,V3,,https://www.mountainproject.com/route/112562833/stiletto,1,"Illinois > *The Holy Boulders > Y: The Sinkhole",2.7,3,Flash,,Boulder,V2,20,20300
2019-11-03,"Fire Up the Barbie",V4,,https://www.mountainproject.com/route/112296358/fire-up-the-barbie,1,"Illinois > *The Holy Boulders > Y: The Sinkhole",3.1,3,Flash,,Boulder,V4,10,20400
2019-11-03,"Sweet As, Man",V5,,https://www.mountainproject.com/route/112296304/sweet-as-man,1,"Illinois > *The Holy Boulders > Y: The Sinkhole",2.6,2,Send,,Boulder,V5,15,20500
2019-11-03,"Tyler Durden",V5,,https://www.mountainproject.com/route/108411073/tyler-durden,1,"Illinois > *The Holy Boulders > J: Tyler Durden Area",3.6,4,Send,,Boulder,V5,15,20500
2019-11-03,"Shadow of a Man Sit",V6,,https://www.mountainproject.com/route/112802515/shadow-of-a-man-sit,1,"Illinois > *The Holy Boulders > F: Shadow of a Man Area",2.6,2,Send,,Boulder,,16,20600
2019-11-03,"The Mollusk",V2-3,,https://www.mountainproject.com/route/108312136/the-mollusk,1,"Illinois > *The Holy Boulders > L: Mollusk Boulder",3.5,4,Send,,Boulder,V2,10,20250
2019-11-02,"Shadow of a Man",V5,,https://www.mountainproject.com/route/108312154/shadow-of-a-man,1,"Illinois > *The Holy Boulders > F: Shadow of a Man Area",3.8,4,Send,,Boulder,,15,20500
2019-11-02,"Full Grain",V4,,https://www.mountainproject.com/route/111359226/full-grain,1,"Illinois > *The Holy Boulders > R: Jump for Jesus Area",3.8,4,Send,,Boulder,,15,20400
2019-11-02,Atlas,V4,,https://www.mountainproject.com/route/110027723/atlas,1,"Illinois > *The Holy Boulders > D: Atlas Boulder",3.4,3,Flash,,Boulder,V3,,20400
2019-11-02,Ogygia,V3+,,https://www.mountainproject.com/route/116137730/ogygia,1,"Illinois > *The Holy Boulders > D: Atlas Boulder",2.4,2,Flash,,Boulder,V3,,20310
2019-11-02,"Big Meech",V7,,https://www.mountainproject.com/route/112392216/big-meech,3,"Illinois > *The Holy Boulders > C: Red Sea Boulder",3.1,3,Send,,Boulder,V5,,20700
2019-11-02,Moses,V7,,https://www.mountainproject.com/route/112449392/moses,3,"Illinois > *The Holy Boulders > C: Red Sea Boulder",3.5,3,Send,,Boulder,,17,20700
2019-11-02,"The Red Sea",V6,,https://www.mountainproject.com/route/110027897/the-red-sea,1,"Illinois > *The Holy Boulders > C: Red Sea Boulder",3.9,4,Send,,Boulder,,,20600
2019-10-13,"Manufacturing Consent",5.13a,"Took a while to find the best beta. ",https://www.mountainproject.com/route/106964869/manufacturing-consent,3,"Illinois > *Jackson Falls > A. North Canyon > F. Big Star Wall Left",3.9,4,Lead,Redpoint,Sport,5.13a,75,8600
2019-10-05,"Manufacturing Consent",5.13a,,https://www.mountainproject.com/route/106964869/manufacturing-consent,2,"Illinois > *Jackson Falls > A. North Canyon > F. Big Star Wall Left",3.9,4,Lead,Fell/Hung,Sport,5.13a,75,8600
2019-10-05,"Frizzle Fry",5.12b,"First try of the day, fourth total ",https://www.mountainproject.com/route/106130213/frizzle-fry,1,"Illinois > *Jackson Falls > A. North Canyon > D. Beaver Wall",3.4,3,Lead,Redpoint,Sport,,45,6900
2019-10-05,"Spiders From Mars",5.10b,,https://www.mountainproject.com/route/106278204/spiders-from-mars,1,"Illinois > *Jackson Falls > A. North Canyon > A. Mr. Jimmy",3.3,3,Lead,Redpoint,Sport,5.10b,,2900
2019-10-05,"Hidden Treasures",5.12a,"Thanks Matt",https://www.mountainproject.com/route/106125028/hidden-treasures,1,"Illinois > *Jackson Falls > C. North Falls > D. Lovely Tower",3.7,4,Lead,Redpoint,Sport,5.12a,40,6600
2019-09-29,"Frizzle Fry",5.12b,"Was not feeling great. Blew it at the chains. ",https://www.mountainproject.com/route/106130213/frizzle-fry,2,"Illinois > *Jackson Falls > A. North Canyon > D. Beaver Wall",3.4,3,Lead,Fell/Hung,Sport,,45,6900
2019-09-28,"Rocket Morton",5.11c,"Had a little visual aid from down below. ",https://www.mountainproject.com/route/108290943/rocket-morton,1,"Illinois > *Jackson Falls > E. South Canyon > I. The Ranch",3.1,4,Lead,Redpoint,Sport,5.11c,40,5200
2019-09-28,"Space Cowboy",5.12b,"Conor was right ",https://www.mountainproject.com/route/113635720/space-cowboy,4,"Illinois > *Jackson Falls > E. South Canyon > G. Belleville - Space Cowboy Wall",3.4,3,Lead,Redpoint,Sport,,40,6900
2019-09-28,"Cocktail Generation",5.12b/c,,https://www.mountainproject.com/route/107943554/cocktail-generation,1,"Illinois > *Jackson Falls > E. South Canyon > C. Hidden Peaks > C. Cranial/Detox Wall",3.0,-1,Lead,Fell/Hung,Sport,,50,7100
2019-09-28,"Cranial Implosion",5.12a,,https://www.mountainproject.com/route/106130193/cranial-implosion,1,"Illinois > *Jackson Falls > E. South Canyon > C. Hidden Peaks > C. Cranial/Detox Wall",2.6,3,Lead,Redpoint,Sport,,,6600
2019-09-21,"Elders of the Tribe",5.12c,"It's about dang time. ",https://www.mountainproject.com/route/106062092/elders-of-the-tribe,2,"Illinois > *Jackson Falls > E. South Canyon > C. Hidden Peaks > C. Cranial/Detox Wall",3.5,4,Lead,Redpoint,Sport,5.12c,50,7200
2019-09-21,"Bursting Out",5.12b/c,"Third go. Left some skin behind. ",https://www.mountainproject.com/route/106814137/bursting-out,3,"Illinois > *Jackson Falls > B. West Falls > E. Exam Wall",3.6,3,Lead,Redpoint,Sport,5.12c,,7100
2019-09-21,"Group Therapy",5.10c,,https://www.mountainproject.com/route/106357480/group-therapy,1,"Illinois > *Jackson Falls > B. West Falls > A. The Gallery",3.6,4,Lead,Redpoint,Sport,5.10c,60,3200
2019-09-15,Venom,5.10a,Yee,https://www.mountainproject.com/route/106069022/venom,1,"Illinois > *Jackson Falls > A. North Canyon > A. Mr. Jimmy",3.5,4,Lead,Redpoint,Sport,,,2600
2019-09-15,Energizer,5.12a,"Mank. Yuck. ",https://www.mountainproject.com/route/108438317/energizer,1,"Illinois > *Jackson Falls > B. West Falls > B. Black Sheep Boulder",3.8,3,Lead,Fell/Hung,Sport,,,6600
2019-09-15,"Tasmania Devil",5.12a/b,"Got the spray down from Ross, Carly, and Aaron. Hardest flash to date! ",https://www.mountainproject.com/route/106130203/tasmania-devil,1,"Illinois > *Jackson Falls > A. North Canyon > D. Beaver Wall",3.0,3,Lead,Flash,Sport,5.12a,65,6800
2019-09-15,"Who Needs Friends",5.12a,"OK, the hand foot match was pretty cool. ",https://www.mountainproject.com/route/106109274/who-needs-friends,2,"Illinois > *Jackson Falls > A. North Canyon > D. Beaver Wall",3.4,3,Lead,Redpoint,Trad,,50,6600
2019-09-01,"Cheerio Bowl",5.10a,,https://www.mountainproject.com/route/106061463/cheerio-bowl,1,"Illinois > *Jackson Falls > E. South Canyon > C. Hidden Peaks > D. Pricker Peak",3.6,3,Lead,Redpoint,Sport,5.10a,50,2600
2019-09-01,"Rocket Morton",5.11c,"Wow, this one was fun! Missed the flash, but I'm more than happy to climb it again. ",https://www.mountainproject.com/route/108290943/rocket-morton,1,"Illinois > *Jackson Falls > E. South Canyon > I. The Ranch",3.1,4,Lead,Fell/Hung,Sport,5.11c,40,5200
2019-09-01,"Detox Mountain",5.12a,"Detox will never not be fun.",https://www.mountainproject.com/route/106062086/detox-mountain,1,"Illinois > *Jackson Falls > E. South Canyon > C. Hidden Peaks > C. Cranial/Detox Wall",3.9,4,Lead,Redpoint,Sport,,50,6600
2019-09-01,"Elders of the Tribe",5.12c,"Still working it. ",https://www.mountainproject.com/route/106062092/elders-of-the-tribe,1,"Illinois > *Jackson Falls > E. South Canyon > C. Hidden Peaks > C. Cranial/Detox Wall",3.5,4,Lead,Fell/Hung,Sport,5.12c,50,7200
2019-09-01,"Captain Crunch",5.11-,"Slightly overhyped but still fun. ",https://www.mountainproject.com/route/106061468/captain-crunch,1,"Illinois > *Jackson Falls > E. South Canyon > C. Hidden Peaks > D. Pricker Peak",3.1,3,Lead,Flash,Sport,5.11a,55,4700
2019-09-01,Industry,5.12a,"Surprisingly fun and not too hard. Got it 2nd go. ",https://www.mountainproject.com/route/107702503/industry,2,"Illinois > *Jackson Falls > E. South Canyon > A. Industry Wall",2.8,3,Lead,Redpoint,Sport,,,6600
2019-09-01,"The Monument",5.9,,https://www.mountainproject.com/route/106085680/the-monument,1,"Illinois > *Jackson Falls > E. South Canyon > C. Hidden Peaks > E.  The Monument",2.8,4,Lead,Redpoint,Sport,5.9,50,2400
2019-08-31,"Southern Inquisition",5.10b,,https://www.mountainproject.com/route/106283526/southern-inquisition,1,"Illinois > *Jackson Falls > E. South Canyon > I. The Ranch",2.5,2,Lead,Onsight,Sport,,50,2900
2019-08-31,"Cranial Implosion",5.12a,"Definitely doesn't need a dyno. Amazing no hands rest between bolts three and four. Felt soft after working out the beta. ",https://www.mountainproject.com/route/106130193/cranial-implosion,2,"Illinois > *Jackson Falls > E. South Canyon > C. Hidden Peaks > C. Cranial/Detox Wall",2.6,3,Lead,Redpoint,Sport,,,6600
2019-08-31,"Space Cowboy",5.12b,"There was a bat in the hole after the crux! But at least I worked out the crux. ",https://www.mountainproject.com/route/113635720/space-cowboy,2,"Illinois > *Jackson Falls > E. South Canyon > G. Belleville - Space Cowboy Wall",3.4,3,Lead,Fell/Hung,Sport,,40,6900
2019-08-31,"Lasso the Vulture",5.11a,"It's about time I cleaned this up. What a neat climb. ",https://www.mountainproject.com/route/106061418/lasso-the-vulture,1,"Illinois > *Jackson Falls > E. South Canyon > I. The Ranch",3.6,4,Lead,Redpoint,Sport,5.11a,45,4600
2019-08-31,"Cowboys and Cross Dressers",5.12a,"Kind of moist today. Got it second go. ",https://www.mountainproject.com/route/106954285/cowboys-and-cross-dressers,2,"Illinois > *Jackson Falls > E. South Canyon > J. Vista Wall",3.1,3,Lead,Redpoint,Sport,,40,6600
2019-08-24,"Velvet Green",5.12a,"10th grade reading comprehension required. Got it in two. ",https://www.mountainproject.com/route/106118245/velvet-green,2,"Illinois > *Jackson Falls > C. North Falls > D. Lovely Tower",3.1,3,Lead,Redpoint,Sport,,40,6600
2019-08-24,"Hidden Treasures",5.12a,Whoops,https://www.mountainproject.com/route/106125028/hidden-treasures,1,"Illinois > *Jackson Falls > C. North Falls > D. Lovely Tower",3.7,4,Lead,Fell/Hung,Sport,5.12a,40,6600
2019-08-24,Psychotherapy,5.10b,,https://www.mountainproject.com/route/106456688/psychotherapy,1,"Illinois > *Jackson Falls > B. West Falls > A. The Gallery",2.7,3,Lead,Redpoint,Sport,5.10b,,2900
2019-08-24,"Group Therapy",5.10c,,https://www.mountainproject.com/route/106357480/group-therapy,1,"Illinois > *Jackson Falls > B. West Falls > A. The Gallery",3.6,4,Lead,Redpoint,Sport,5.10c,60,3200
2019-08-24,"The Meanest Flower",5.9,,https://www.mountainproject.com/route/106243213/the-meanest-flower,1,"Illinois > *Jackson Falls > C. North Falls > A. Royal Arches Wall",3.0,3,Lead,Onsight,Sport,,,2400
2019-08-24,Archangel,5.10a,,https://www.mountainproject.com/route/106243179/archangel,1,"Illinois > *Jackson Falls > C. North Falls > A. Royal Arches Wall",3.2,3,Lead,Onsight,Sport,,,2600
2019-06-02,"Umbrella Girls",5.12a,"Got it in two",https://www.mountainproject.com/route/108359845/umbrella-girls,2,"Illinois > *Jackson Falls > C. North Falls > B. Snakes Roof",3.1,3,Lead,Redpoint,Sport,,30,6600
2019-06-02,"Amoeba Brains",5.11a,,https://www.mountainproject.com/route/106410764/amoeba-brains,1,"Illinois > *Jackson Falls > C. North Falls > F. The Doors",2.2,2,Lead,Onsight,Sport,,60,4600
2019-06-02,"Cro-Magnon Warrior",5.12b,"Hyper classic ",https://www.mountainproject.com/route/108439315/cro-magnon-warrior,1,"Illinois > *Jackson Falls > C. North Falls > F. The Doors",4.0,4,Lead,Redpoint,Sport,5.12b,,6900
2019-06-02,"Earthbound Misfit",5.10a,,https://www.mountainproject.com/route/106357485/earthbound-misfit,1,"Illinois > *Jackson Falls > B. West Falls > A. The Gallery",3.2,3,Lead,Redpoint,Sport,5.10a,55,2600
2019-06-01,"Frizzle Fry",5.12b,"Conditions were... suboptimal. ",https://www.mountainproject.com/route/106130213/frizzle-fry,1,"Illinois > *Jackson Falls > A. North Canyon > D. Beaver Wall",3.4,3,Lead,Fell/Hung,Sport,,45,6900
2019-06-01,"Manufacturing Consent",5.13a,,https://www.mountainproject.com/route/106964869/manufacturing-consent,1,"Illinois > *Jackson Falls > A. North Canyon > F. Big Star Wall Left",3.9,4,Lead,Fell/Hung,Sport,5.13a,75,8600
2019-06-01,Wishbone,5.11a,,https://www.mountainproject.com/route/106992749/wishbone,1,"Illinois > *Jackson Falls > A. North Canyon > E. Big Star Wall",3.5,4,Lead,Onsight,Sport,,,4600
2019-05-27,D-Man,5.11a,"Low insecure crux. Would get more stars if it were longer and the top wasn't so easy. ",https://www.mountainproject.com/route/109666798/d-man,1,"Illinois > *Jackson Falls > C. North Falls > E. Spleef Peak",2.6,2,Lead,Flash,Sport,,40,4600
2019-05-27,"Into the Sun (Aka Fragile Egos)",5.10d,"Super fun movement. I was pleasantly surprised with how much I enjoyed this one. ",https://www.mountainproject.com/route/106061363/into-the-sun-aka-fragile-egos,1,"Illinois > *Jackson Falls > A. North Canyon > I. Railroad Rock",3.5,4,Lead,Onsight,Sport,5.10d,60,3500
2019-05-27,"Ego Tripping",5.10b,,https://www.mountainproject.com/route/106931729/ego-tripping,1,"Illinois > *Jackson Falls > A. North Canyon > I. Railroad Rock",2.9,3,Lead,Redpoint,Sport,5.10a,65,2900
2019-05-27,"Express Checkout Line",5.9,,https://www.mountainproject.com/route/106278224/express-checkout-line,1,"Illinois > *Jackson Falls > A. North Canyon > E. Big Star Wall",3.2,4,Lead,Redpoint,Sport,5.9,,2400
2019-05-26,"Dicey at Best",5.8+,"Only did P1. Did the entire thing as a lieback because my four brain cells couldn't handle crack technique. ",https://www.mountainproject.com/route/107775577/dicey-at-best,1,"Kentucky > Red River Gorge > Northern Gorge > Lower Small Wall",3.7,4,TR,,Trad,,150,2200
2019-05-26,"Good Tang",5.7+,"There was some kind of animal in the cave. ",https://www.mountainproject.com/route/106730200/good-tang,1,"Kentucky > Red River Gorge > Northern Gorge > Lower Small Wall",3.6,4,Follow,,Trad,,175,1900
2019-05-25,"Soul Ram",5.12b,"Thin and very sustained. ",https://www.mountainproject.com/route/107389163/soul-ram,1,"Kentucky > Red River Gorge > Northern Gorge > Eastern Sky Bridge Ridge",3.8,3,Lead,Fell/Hung,Sport,,100,6900
2019-05-25,"Dave the Dude",5.11d,"Don't get sucked right! ",https://www.mountainproject.com/route/106169442/dave-the-dude,1,"Kentucky > Red River Gorge > Northern Gorge > Eastern Sky Bridge Ridge",3.7,4,Lead,Fell/Hung,Sport,,70,5500
2019-05-25,"Super Dario",5.11a,,https://www.mountainproject.com/route/106121898/super-dario,1,"Kentucky > Red River Gorge > Northern Gorge > Eastern Sky Bridge Ridge",3.6,3,Lead,Flash,Sport,,70,4600
2019-05-25,"Jack in the Pulpit",5.10d,,https://www.mountainproject.com/route/105917977/jack-in-the-pulpit,1,"Kentucky > Red River Gorge > Northern Gorge > Eastern Sky Bridge Ridge",3.0,3,Lead,Onsight,Sport,,70,3500
2019-05-05,"King's Jester","5.10d PG13","A little bit of a different flavor than the rest of the Gallery. High first bolt. ",https://www.mountainproject.com/route/106964819/kings-jester,1,"Illinois > *Jackson Falls > B. West Falls > A. The Gallery",2.9,3,Lead,Onsight,"Trad, Sport",,,3500
2019-05-05,"Cut Throat",5.10b,,https://www.mountainproject.com/route/106357495/cut-throat,1,"Illinois > *Jackson Falls > B. West Falls > A. The Gallery",2.6,3,Lead,Redpoint,Sport,5.10b,55,2900
2019-05-05,"Shock Therapy",5.12a,"Much better. ",https://www.mountainproject.com/route/106357501/shock-therapy,1,"Illinois > *Jackson Falls > B. West Falls > A. The Gallery",2.0,2,Lead,Redpoint,Sport,,55,6600
2019-05-05,"Viking Blood",5.12c,"Put it up for Kevin.",https://www.mountainproject.com/route/106814156/viking-blood,1,"Illinois > *Jackson Falls > B. West Falls > D. Battle Axe Tower",4.0,4,Lead,Redpoint,Sport,,,7200
2019-05-05,"Emperor of the North",5.13a,"We're going to have to do something about that pump.",https://www.mountainproject.com/route/107941944/emperor-of-the-north,1,"Illinois > *Jackson Falls > B. West Falls > F. Dynasty Wall",4.0,4,Lead,Fell/Hung,Sport,5.13a,70,8600
2019-05-05,"Cats in the Cradle",5.10b,,https://www.mountainproject.com/route/111193961/cats-in-the-cradle,1,"Illinois > *Jackson Falls > A. North Canyon > C. Beaver Wall Right",3.0,3,Lead,Redpoint,Sport,,,2900
2019-05-05,"Wild at Heart",5.11a,,https://www.mountainproject.com/route/106447069/wild-at-heart,1,"Illinois > *Jackson Falls > A. North Canyon > I. Railroad Rock",3.9,4,Lead,Redpoint,Sport,,,4600
2019-04-28,"The Monument",5.9,,https://www.mountainproject.com/route/106085680/the-monument,1,"Illinois > *Jackson Falls > E. South Canyon > C. Hidden Peaks > E.  The Monument",2.8,4,Lead,Redpoint,Sport,5.9,50,2400
2019-04-28,"Stubborn Swede",5.8,,https://www.mountainproject.com/route/107016678/stubborn-swede,1,"Illinois > *Jackson Falls > E. South Canyon > C. Hidden Peaks > E.  The Monument",3.3,4,Lead,Redpoint,Sport,5.8,60,2100
2019-04-28,"Shock Therapy",5.12a,"Oof ouch my fingers ",https://www.mountainproject.com/route/106357501/shock-therapy,1,"Illinois > *Jackson Falls > B. West Falls > A. The Gallery",2.0,2,Lead,Fell/Hung,Sport,,55,6600
2019-04-28,"Lost Innocence",5.12c,"Very fun. Got it in 3. ",https://www.mountainproject.com/route/107886749/lost-innocence,1,"Illinois > *Jackson Falls > C. North Falls > D. Lovely Tower",3.6,4,Lead,Redpoint,Sport,,35,7200
2019-04-27,"Sore Throat",5.10c,,https://www.mountainproject.com/route/106964813/sore-throat,1,"Illinois > *Jackson Falls > B. West Falls > A. The Gallery",2.7,3,Lead,Redpoint,Sport,,,3200
2019-04-27,"Emperor of the North",5.13a,"More beta",https://www.mountainproject.com/route/107941944/emperor-of-the-north,1,"Illinois > *Jackson Falls > B. West Falls > F. Dynasty Wall",4.0,4,Lead,Fell/Hung,Sport,5.13a,70,8600
2019-04-13,"Hidden Treasures",5.12a,"What a lovely problem. Found some new beta for the crux. ",https://www.mountainproject.com/route/106125028/hidden-treasures,1,"Illinois > *Jackson Falls > C. North Falls > D. Lovely Tower",3.7,4,Lead,Redpoint,Sport,5.12a,40,6600
2019-04-13,Energizer,5.12a,"Still pumpy. A little sandy up top. ",https://www.mountainproject.com/route/108438317/energizer,1,"Illinois > *Jackson Falls > B. West Falls > B. Black Sheep Boulder",3.8,3,Lead,Fell/Hung,Sport,,,6600
2019-04-13,Psychotherapy,5.10b,,https://www.mountainproject.com/route/106456688/psychotherapy,1,"Illinois > *Jackson Falls > B. West Falls > A. The Gallery",2.7,3,Lead,Redpoint,Sport,5.10b,,2900
2019-04-13,"Group Therapy",5.10c,,https://www.mountainproject.com/route/106357480/group-therapy,1,"Illinois > *Jackson Falls > B. West Falls > A. The Gallery",3.6,4,Lead,Redpoint,Sport,5.10c,60,3200
2019-04-13,"Emperor of the North",5.13a,"Worked out beta. ",https://www.mountainproject.com/route/107941944/emperor-of-the-north,1,"Illinois > *Jackson Falls > B. West Falls > F. Dynasty Wall",4.0,4,Lead,Fell/Hung,Sport,5.13a,70,8600
2019-04-13,"The Flail",5.12d,Nah,https://www.mountainproject.com/route/106814159/the-flail,1,"Illinois > *Jackson Falls > B. West Falls > D. Battle Axe Tower",3.3,-1,Lead,Fell/Hung,Sport,,,7500
2019-03-17,"Lovely Arete",5.11a,Nice,https://www.mountainproject.com/route/106032481/lovely-arete,1,"Illinois > *Jackson Falls > C. North Falls > D. Lovely Tower",3.5,4,Lead,Redpoint,Sport,5.11a,35,4600
2019-03-17,"The Carpenter",5.11a,"Rest city.",https://www.mountainproject.com/route/108338129/the-carpenter,1,"Illinois > *Jackson Falls > E. South Canyon > C. Hidden Peaks > C. Cranial/Detox Wall",3.1,3,Lead,Redpoint,Sport,5.11a,60,4600
2019-03-17,"Elders of the Tribe",5.12c,"Worked it ",https://www.mountainproject.com/route/106062092/elders-of-the-tribe,1,"Illinois > *Jackson Falls > E. South Canyon > C. Hidden Peaks > C. Cranial/Detox Wall",3.5,4,Lead,Fell/Hung,Sport,5.12c,50,7200
2019-03-17,"Here Come the Snakes",5.12c,"Drop knee to iron cross ",https://www.mountainproject.com/route/106679436/here-come-the-snakes,2,"Illinois > *Jackson Falls > C. North Falls > B. Snakes Roof",3.8,4,Lead,Redpoint,Sport,,,7200
2019-03-17,"Who Let the Snakes Out",5.10b,,https://www.mountainproject.com/route/106679441/who-let-the-snakes-out,1,"Illinois > *Jackson Falls > C. North Falls > B. Snakes Roof",3.3,4,Lead,Redpoint,Sport,5.10b,,2900
2019-03-16,"Eminent Domain",5.12d,"Needs work. ",https://www.mountainproject.com/route/108796771/eminent-domain,1,"Illinois > *Jackson Falls > B. West Falls > D. Battle Axe Tower",3.6,3,Lead,Fell/Hung,Sport,,40,7500
2019-03-16,"Blue Velvet",5.11c,"Totally missed the undercling at 1-2 and botched the sequence. Lieback felt goooood. ",https://www.mountainproject.com/route/106236726/blue-velvet,1,"Illinois > *Jackson Falls > A. North Canyon > I. Railroad Rock",3.9,4,Lead,Redpoint,Sport,,,5200
2019-03-16,"Wild at Heart",5.11a,"Never gets old. ",https://www.mountainproject.com/route/106447069/wild-at-heart,1,"Illinois > *Jackson Falls > A. North Canyon > I. Railroad Rock",3.9,4,Lead,Redpoint,Sport,,,4600
2019-03-16,Venom,5.10a,,https://www.mountainproject.com/route/106069022/venom,1,"Illinois > *Jackson Falls > A. North Canyon > A. Mr. Jimmy",3.5,4,Lead,Redpoint,Sport,,,2600
2019-03-02,"Here Come the Snakes",5.12c,"Finally worked out the beta! Just need to nail the moves and get the send. ",https://www.mountainproject.com/route/106679436/here-come-the-snakes,3,"Illinois > *Jackson Falls > C. North Falls > B. Snakes Roof",3.8,4,Lead,Fell/Hung,Sport,,,7200
2019-03-02,"The Farmer",5.12a,"Did it in two. Broke a foothold first go ",https://www.mountainproject.com/route/106161663/the-farmer,2,"Illinois > *Jackson Falls > E. South Canyon > C. Hidden Peaks > C. Cranial/Detox Wall",3.3,3,Lead,Redpoint,Sport,,70,6600
2019-03-02,"Elders of the Tribe",5.12c,"Worked out some beta, but it was wet at the top. Alas. ",https://www.mountainproject.com/route/106062092/elders-of-the-tribe,1,"Illinois > *Jackson Falls > E. South Canyon > C. Hidden Peaks > C. Cranial/Detox Wall",3.5,4,Lead,Fell/Hung,Sport,5.12c,50,7200
2019-03-02,"Detox Mountain",5.12a,,https://www.mountainproject.com/route/106062086/detox-mountain,1,"Illinois > *Jackson Falls > E. South Canyon > C. Hidden Peaks > C. Cranial/Detox Wall",3.9,4,Lead,Fell/Hung,Sport,,50,6600
2019-03-02,"Stubborn Swede",5.8,,https://www.mountainproject.com/route/107016678/stubborn-swede,1,"Illinois > *Jackson Falls > E. South Canyon > C. Hidden Peaks > E.  The Monument",3.3,4,Lead,Redpoint,Sport,5.8,60,2100
2019-01-27,Sukha,V3,,https://www.mountainproject.com/route/108408957/sukha,1,"Illinois > *The Holy Boulders > K: Brown Cow Area",2.9,3,Solo,,Boulder,,,20300
2019-01-27,"Big Meech",V7,"High foot. For sure not V8. ",https://www.mountainproject.com/route/112392216/big-meech,3,"Illinois > *The Holy Boulders > C: Red Sea Boulder",3.1,3,Send,,Boulder,V5,,20700
2019-01-27,"Open Gates",V5,"Heel toe cam. Nice dyno. ",https://www.mountainproject.com/route/110192020/open-gates,1,"Illinois > *The Holy Boulders > V: Open Gates Boulder",3.4,4,Solo,,Boulder,,10,20500
2019-01-27,"Double Rainbow",V3,,https://www.mountainproject.com/route/112483591/double-rainbow,1,"Illinois > *The Holy Boulders > V: Open Gates Boulder",2.9,4,Solo,,Boulder,,14,20300
2018-10-27,"Pub Crawl",V1+,,https://www.mountainproject.com/route/111305543/pub-crawl,1,"Illinois > *The Holy Boulders > H: The Bar Stool",2.4,3,Lead,Flash,Boulder,,10,20110
2018-10-27,"One Beer",V1,,https://www.mountainproject.com/route/111305526/one-beer,1,"Illinois > *The Holy Boulders > H: The Bar Stool",2.1,2,Lead,Flash,Boulder,,8,20100
2018-10-27,"One Bourbon",V0,,https://www.mountainproject.com/route/111305239/one-bourbon,1,"Illinois > *The Holy Boulders > H: The Bar Stool",2.0,2,Lead,Flash,Boulder,,8,20008
2018-10-27,"One Scotch",V0-,,https://www.mountainproject.com/route/111305477/one-scotch,1,"Illinois > *The Holy Boulders > H: The Bar Stool",1.6,2,Lead,Flash,Boulder,,8,20005
2018-10-27,"Full Grain",V4,"Topout wasn&#39;t free, but also wasn&#39;t too hard. ",https://www.mountainproject.com/route/111359226/full-grain,1,"Illinois > *The Holy Boulders > R: Jump for Jesus Area",3.8,4,Send,,Boulder,,15,20400
2018-10-27,"The Red Sea",V6,"Got all the moves. Pitched off the top and missed the pads after an undercling broke. Don't grab the undercling. Ouch. ",https://www.mountainproject.com/route/110027897/the-red-sea,1,"Illinois > *The Holy Boulders > C: Red Sea Boulder",3.9,4,Lead,Fell/Hung,Boulder,,,20600
2018-10-22,"Everybody Needs Friends",5.12a,"Big moves to great holds. What's not to love? ",https://www.mountainproject.com/route/106130209/everybody-needs-friends,2,"Illinois > *Jackson Falls > A. North Canyon > D. Beaver Wall",3.4,4,Lead,Redpoint,Sport,5.11c,35,6600
2018-10-22,"The Voice",5.12d,"Super unique, super fun. Needs a lot of work. ",https://www.mountainproject.com/route/107942580/the-voice,1,"Illinois > *Jackson Falls > A. North Canyon > A. Mr. Jimmy",4.0,4,Lead,Fell/Hung,Sport,,60,7500
2018-10-22,"Blue Velvet",5.11c,"What a fun route. Cool lieback up high. ",https://www.mountainproject.com/route/106236726/blue-velvet,1,"Illinois > *Jackson Falls > A. North Canyon > I. Railroad Rock",3.9,4,Lead,Flash,Sport,,,5200
2018-10-22,"Butcher of Baghdad",5.13a,"Heck yeah. First 13. Final burn was very smooth. ",https://www.mountainproject.com/route/106061387/butcher-of-baghdad,2,"Illinois > *Jackson Falls > A. North Canyon > J. Railroad Rock Cliffline",3.9,4,Lead,Redpoint,Sport,,50,8600
2018-10-22,Electrocutioner,5.8+,,https://www.mountainproject.com/route/106963563/electrocutioner,1,"Illinois > *Jackson Falls > A. North Canyon > I. Railroad Rock",2.7,3,Lead,Redpoint,Sport,,50,2200
2018-10-18,"Butcher of Baghdad",5.13a,"Got the beta down on top rope then proceeded to one hang it three times in a row. Next time! ",https://www.mountainproject.com/route/106061387/butcher-of-baghdad,4,"Illinois > *Jackson Falls > A. North Canyon > J. Railroad Rock Cliffline",3.9,4,Lead,Fell/Hung,Sport,,50,8600
2018-10-17,"Lovely Arete",5.11a,"Super chill",https://www.mountainproject.com/route/106032481/lovely-arete,1,"Illinois > *Jackson Falls > C. North Falls > D. Lovely Tower",3.5,4,Lead,Redpoint,Sport,5.11a,35,4600
2018-10-17,"Blue Spark",5.8,,https://www.mountainproject.com/route/106197796/blue-spark,1,"Illinois > *Jackson Falls > C. North Falls > E. Spleef Peak",2.6,3,Lead,Redpoint,Sport,5.8,40,2100
2018-10-13,"Elders of the Tribe",5.12c,"Bolt spacing was a non-issue. Climbing was stellar. Feels really doable. ",https://www.mountainproject.com/route/106062092/elders-of-the-tribe,1,"Illinois > *Jackson Falls > E. South Canyon > C. Hidden Peaks > C. Cranial/Detox Wall",3.5,4,Lead,Fell/Hung,Sport,5.12c,50,7200
2018-10-13,"Split Decision",5.12d,,https://www.mountainproject.com/route/112345712/split-decision,1,"Illinois > *Jackson Falls > C. North Falls > D. Lovely Tower",3.4,3,TR,,Sport,,55,7500
2018-10-13,"Lovely Arete",5.11a,"Much easier this time around ",https://www.mountainproject.com/route/106032481/lovely-arete,1,"Illinois > *Jackson Falls > C. North Falls > D. Lovely Tower",3.5,4,Lead,Redpoint,Sport,5.11a,35,4600
2018-10-13,"Fine Nine",5.9,,https://www.mountainproject.com/route/106039565/fine-nine,1,"Illinois > *Jackson Falls > C. North Falls > D. Lovely Tower",3.2,4,Lead,Redpoint,Sport,5.9,55,2400
2018-10-13,"Cro-Magnon Warrior",5.12b,"Ooh. One hung. I'll get it next go. ",https://www.mountainproject.com/route/108439315/cro-magnon-warrior,1,"Illinois > *Jackson Falls > C. North Falls > F. The Doors",4.0,4,Lead,Fell/Hung,Sport,5.12b,,6900
2018-08-21,"Corner Lunge",V1,,https://www.mountainproject.com/route/106051553/corner-lunge,1,"Colorado > Fort Collins > Horsetooth Reservoir > Rotary Park > Eliminator Boulder",2.1,2,Lead,Flash,Boulder,,,20100
2018-08-21,"Crack of Fear",5.10d,"Just the first pitch. A full body struggle. ",https://www.mountainproject.com/route/105749086/crack-of-fear,1,"Colorado > Estes Park Valley > Lumpy Ridge > Twin Owls",3.8,4,TR,,Trad,,,3500
2018-08-20,"Tiger's Tooth",5.9+,"Just the first pitch. Need to do more overhung OW. Rope lassoed pillar when we pulled it. ",https://www.mountainproject.com/route/105750529/tigers-tooth,1,"Colorado > Estes Park Valley > Lumpy Ridge > Twin Owls",3.6,3,TR,,Trad,,,2500
2018-08-18,"My Two Cents (aka Penny Standard)",V2,"Minus a finger",https://www.mountainproject.com/route/106155638/my-two-cents-aka-penny-standard,1,"Colorado > Fort Collins > Horsetooth Reservoir > Rotary Park > Pitch Penny Boulder",2.9,3,Lead,Redpoint,Boulder,,,20200
2018-08-18,"Eliminator Cave Crack",V3,"Tight thick wow nice fist jam",https://www.mountainproject.com/route/106404482/eliminator-cave-crack,1,"Colorado > Fort Collins > Horsetooth Reservoir > Rotary Park > Eliminator Boulder",2.0,3,Lead,Redpoint,Boulder,,,20300
2018-08-18,"Dogleg Crack","V2 R","B U R L Y",https://www.mountainproject.com/route/105756337/dogleg-crack,1,"Colorado > Fort Collins > Horsetooth Reservoir > Rotary Park > Eliminator Boulder",2.4,4,Lead,Flash,Boulder,V2,,20200
2018-08-18,"Eliminator North Slab Right","V1 R",,https://www.mountainproject.com/route/105755371/eliminator-north-slab-right,1,"Colorado > Fort Collins > Horsetooth Reservoir > Rotary Park > Eliminator Boulder",1.9,3,Lead,Flash,Boulder,"V0 R",,20100
2018-08-18,"Eliminator North Slab Center","V1 R",,https://www.mountainproject.com/route/105755374/eliminator-north-slab-center,1,"Colorado > Fort Collins > Horsetooth Reservoir > Rotary Park > Eliminator Boulder",2.1,3,Lead,Flash,Boulder,"V0 R",,20100
2018-08-18,"Ship's Prow Right",V1,,https://www.mountainproject.com/route/105751225/ships-prow-right,1,"Colorado > Fort Collins > Horsetooth Reservoir > Rotary Park > Central Ridgeline, including Ship's Prow",2.3,3,Lead,Flash,Boulder,V2,,20100
2018-08-18,"Ship's Prow",V0+,,https://www.mountainproject.com/route/105751222/ships-prow,1,"Colorado > Fort Collins > Horsetooth Reservoir > Rotary Park > Central Ridgeline, including Ship's Prow",2.5,3,Lead,Flash,Boulder,,,20010
2018-08-18,Bucketland,"V0- R",,https://www.mountainproject.com/route/106267240/bucketland,1,"Colorado > Fort Collins > Horsetooth Reservoir > Rotary Park > Central Ridgeline, including Ship's Prow",2.0,2,Lead,Onsight,Boulder,,25,20005
2018-07-22,"The Monument",5.9,"Did it barefoot. It was a bit more painful than I thought it'd be. ",https://www.mountainproject.com/route/106085680/the-monument,1,"Illinois > *Jackson Falls > E. South Canyon > C. Hidden Peaks > E.  The Monument",2.8,4,Lead,Redpoint,Sport,5.9,50,2400
2018-07-22,"Generator X",5.11b,.,https://www.mountainproject.com/route/107702536/generator-x,1,"Illinois > *Jackson Falls > F. The Promised Land",3.5,4,Lead,Redpoint,Sport,5.11b,,4900
2018-07-22,XXX,5.10a,"It was nice. ",https://www.mountainproject.com/route/113512526/xxx,2,"Illinois > *Jackson Falls > F. The Promised Land",2.9,4,Lead,Onsight,Sport,,50,2600
2018-07-22,"Remove la Ropa",5.12b,"Oof. ",https://www.mountainproject.com/route/109955943/remove-la-ropa,1,"Illinois > *Jackson Falls > F. The Promised Land",3.7,4,Lead,Fell/Hung,Sport,5.12a,50,6900
2018-07-22,"Fashionably Late",5.11a,"Crimpy goodness. Some beautiful crimp jugs. ",https://www.mountainproject.com/route/106920447/fashionably-late,1,"Illinois > *Jackson Falls > F. The Promised Land",3.6,4,Lead,Onsight,Sport,,60,4600
2018-07-22,"Can’t Take the Funk",5.10d,"Cool slab, but I have never seen more lichen on a route. ",https://www.mountainproject.com/route/114364320/cant-take-the-funk,1,"Illinois > *Jackson Falls > F. The Promised Land",2.7,3,Lead,Fell/Hung,Sport,,50,3500
2018-07-22,"Team Honda",5.12a,"Some permadraws had sticky gates.",https://www.mountainproject.com/route/113512695/team-honda,1,"Illinois > *Jackson Falls > F. The Promised Land",3.8,4,Lead,Fell/Hung,Sport,5.12a,65,6600
2018-07-15,"Amarillo Sunset",5.11b,"I'll have to come back for this one in the fall. ",https://www.mountainproject.com/route/106286394/amarillo-sunset,1,"Kentucky > Red River Gorge > Pendergrass-Murray Recreational Preserve (PMRP) > North 40",3.9,4,Lead,Fell/Hung,Sport,,50,4900
2018-07-15,K.S.B.,5.10d,"Quite damp. 'Tis not the season. ",https://www.mountainproject.com/route/106885779/ksb,1,"Kentucky > Red River Gorge > Pendergrass-Murray Recreational Preserve (PMRP) > The Shire",3.6,3,Lead,Fell/Hung,Sport,,60,3500
2018-07-14,"Blue Collar",5.12b,"I don't understand this one. ",https://www.mountainproject.com/route/107360960/blue-collar,1,"Kentucky > Red River Gorge > Muir Valley > The Sanctuary",2.6,2,Lead,Fell/Hung,Sport,,60,6900
2018-07-14,"Prometheus Unbound",5.13a,"Had to bail right near the end because I was too gassed and out of skin. Add it to the list... ",https://www.mountainproject.com/route/106575798/prometheus-unbound,1,"Kentucky > Red River Gorge > Muir Valley > The Sanctuary",3.9,4,Lead,Fell/Hung,Sport,,100,8600
2018-07-14,"Jesus Wept",5.12d,"Spectacular route. All the moves are very doable--just have to fight the pump. I'd like to come back and work this. ",https://www.mountainproject.com/route/106333601/jesus-wept,1,"Kentucky > Red River Gorge > Muir Valley > The Sanctuary",3.9,4,Lead,Fell/Hung,Sport,,95,7500
2018-07-14,"Gettin' Lucky in Kentucky",5.10b,"Good warmup. ",https://www.mountainproject.com/route/106065461/gettin-lucky-in-kentucky,1,"Kentucky > Red River Gorge > Muir Valley > Tectonic Wall",3.4,3,Lead,Onsight,Sport,,60,2900
2018-07-14,"Plate Tectonics",5.10a,"Not super interesting, but pleasant. ",https://www.mountainproject.com/route/106065471/plate-tectonics,1,"Kentucky > Red River Gorge > Muir Valley > Tectonic Wall",3.3,3,Lead,Redpoint,Sport,,70,2600
2018-06-24,"Ro Shampo",5.12a,"The Red's take on Detox. Lay back with right hand on top and pull on the undercling with left. Good stuff. ",https://www.mountainproject.com/route/105860759/ro-shampo,1,"Kentucky > Red River Gorge > Natural Bridge Region > Graining Fork Nature Preserve (a.k.a. Roadside Crag)",3.7,4,Lead,Fell/Hung,Sport,,60,6600
2018-06-24,"Pulling Pockets",5.10d,"Sent the first 10d I ever climbed. Didn't get the dyno this time. ",https://www.mountainproject.com/route/105893126/pulling-pockets,1,"Kentucky > Red River Gorge > Natural Bridge Region > Graining Fork Nature Preserve (a.k.a. Roadside Crag)",3.2,4,Lead,Redpoint,Sport,,50,3500
2018-06-24,"Crazy Fingers",5.10c,"crAzY fingers. Traverse? ",https://www.mountainproject.com/route/105886641/crazy-fingers,1,"Kentucky > Red River Gorge > Natural Bridge Region > Graining Fork Nature Preserve (a.k.a. Roadside Crag)",3.0,3,Lead,Flash,Sport,,50,3200
2018-06-24,"The Return of Chris Snyder",5.11d,"Lordy did I get pumped. Lots of no hands rests! ",https://www.mountainproject.com/route/106020821/the-return-of-chris-snyder,1,"Kentucky > Red River Gorge > Natural Bridge Region > Graining Fork Nature Preserve (a.k.a. Roadside Crag)",3.8,4,Lead,Fell/Hung,Sport,,100,5500
2018-06-23,Prey,5.11b,"I inverted to pull the roof. Fun, stupid move. Skipped last bolt in middle of slab. ",https://www.mountainproject.com/route/108061921/prey,1,"Kentucky > Red River Gorge > Muir Valley > Sunbeam Buttress",2.6,4,Lead,Fell/Hung,Sport,,55,4900
2018-06-23,Predator,5.11b,"Weird undercling reach on slab to start. Really unique climbing. ",https://www.mountainproject.com/route/106928325/predator,1,"Kentucky > Red River Gorge > Muir Valley > Sunbeam Buttress",3.0,4,Lead,Fell/Hung,Sport,,45,4900
2018-06-23,"Radical Evolution",5.11a,"Reminiscent of bulgey Jackson climbing. Slap over bulge and pray. ",https://www.mountainproject.com/route/107885107/radical-evolution,1,"Kentucky > Red River Gorge > Muir Valley > Sunbeam Buttress",2.6,3,Lead,Fell/Hung,Sport,,45,4600
2018-06-23,"Magnum Opus",5.12a,"Ran up it twice. Flipped upside down falling the first time. Crux beta: grab horn with right hand; big bump from slopey pocket crimp to ledge with left. Crawl into neat little heuco a little farther up.",https://www.mountainproject.com/route/107250844/magnum-opus,1,"Kentucky > Red River Gorge > Muir Valley > The Solarium",3.1,4,Lead,Fell/Hung,Sport,,90,6600
2018-06-23,"Super Best Friends",5.12b,"All friendly moves, but putting them all together would take a lot of effort. ",https://www.mountainproject.com/route/106852348/super-best-friends,1,"Kentucky > Red River Gorge > Muir Valley > The Solarium",3.8,4,Lead,Fell/Hung,Sport,,95,6900
2018-06-23,Banshee,5.11c,"Not the best warm up. I got very pumped. Really cool hueco action. ",https://www.mountainproject.com/route/106333612/banshee,1,"Kentucky > Red River Gorge > Muir Valley > The Solarium",3.9,4,Lead,Fell/Hung,Sport,,100,5200
2018-06-10,"Where's the Beef?",5.12c,"Hopped on at the end of the day. Fell while clipping the fourth bolt and almost decked. Then I was too gassed to pull the roof. Next time! ",https://www.mountainproject.com/route/108727772/wheres-the-beef,1,"Kentucky > Red River Gorge > Pendergrass-Murray Recreational Preserve (PMRP) > Bob Marley",3.2,3,Lead,Fell/Hung,Sport,,50,7200
2018-06-10,"Beta-vul Pipeline",5.12a,"Friendly jug haul. Crux traverses oddly far left then comes back for a little crack move. ",https://www.mountainproject.com/route/106118250/beta-vul-pipeline,1,"Kentucky > Red River Gorge > Pendergrass-Murray Recreational Preserve (PMRP) > Bob Marley",3.0,3,Lead,Fell/Hung,Sport,,55,6600
2018-06-10,"Breakfast Burrito",5.10+,"Classic RRG jug haul. Fun moves coming out of the rest and around the arete. ",https://www.mountainproject.com/route/106081922/breakfast-burrito,1,"Kentucky > Red River Gorge > Pendergrass-Murray Recreational Preserve (PMRP) > Drive-By Crag",3.7,4,Lead,Onsight,Sport,,80,3300
2018-06-10,Dogleg,5.12a,"Really fun route! Loooong reaches. I used my entire wingspan between bolts 1 and 2.",https://www.mountainproject.com/route/106290553/dogleg,1,"Kentucky > Red River Gorge > Pendergrass-Murray Recreational Preserve (PMRP) > Bob Marley",3.8,4,Lead,Fell/Hung,Sport,,90,6600
2018-06-09,Funkadelic,5.10b,"Not that run out. Definitely don't need a cam. Fun route with thought-provoking finish. ",https://www.mountainproject.com/route/105866459/funkadelic,1,"Kentucky > Red River Gorge > Northern Gorge > Funk Rock City",2.9,4,Lead,Onsight,Sport,,95,2900
2018-06-09,"Manic Impression",5.10a,,https://www.mountainproject.com/route/105866451/manic-impression,1,"Kentucky > Red River Gorge > Northern Gorge > Funk Rock City",3.1,4,Lead,Onsight,Sport,,95,2600
2018-06-09,"Appalachian Spring",5.13a,"Bailed at third bolt. Couldn't hold left arm chicken wing gaston. Need to boulder more. ",https://www.mountainproject.com/route/106599327/appalachian-spring,1,"Kentucky > Red River Gorge > Northern Gorge > Funk Rock City",3.9,3,Lead,Pinkpoint,Sport,,80,8600
2018-06-09,"Orange Juice",5.12c,"Bailed near the end. Couldn't pull very thin right hand crimp. ",https://www.mountainproject.com/route/106599268/orange-juice,1,"Kentucky > Red River Gorge > Northern Gorge > Funk Rock City",3.9,3,Lead,Fell/Hung,Sport,,90,7200
2018-05-26,"Crimson Chrysalis",5.8+,"Led pitches 1, 4, and 7. An easy romp. Got rope stuck rapping p5, so had to lead and downclimb to retrieve it. ",https://www.mountainproject.com/route/105732281/crimson-chrysalis,9,"Nevada > Southern Nevada > Red Rock > 11-Juniper Canyon > Cloud Tower",3.6,4,Lead,Onsight,Trad,,1000,2200
2018-05-25,"Levitation 29",5.11b/c,"Led pitches 2, 5, 7, 8+9. Aided through crux on p5. Super fun, varied climbing. Amazing route, but very long approach and walkoff. ",https://www.mountainproject.com/route/105732443/levitation-29,10,"Nevada > Southern Nevada > Red Rock > 12-Oak Creek Canyon > Eagle Wall",3.8,4,Lead,Fell/Hung,Trad,,700,5100
2018-05-22,"Walk on the Wild Side",5.8,,https://www.mountainproject.com/route/105721828/walk-on-the-wild-side,4,"California > Joshua Tree National Park > Central Joshua Tree > Sheep Pass Area > Saddle Rocks Area > Saddle Rocks > Saddle Rocks - Skirt > Saddle Rocks - Skirt  (West Face)",3.1,4,Lead,Onsight,Trad,,250,2100
2018-05-22,"Overhang Bypass",5.7,,https://www.mountainproject.com/route/105721648/overhang-bypass,2,"California > Joshua Tree National Park > Hidden Valley Area > Hidden Valley Campground > Intersection Rock",3.0,3,TR,,Trad,,100,1800
2018-05-22,"North Overhang",5.9,"Not too bad once you get the hand jam to the left in the roof. ",https://www.mountainproject.com/route/105721651/north-overhang,1,"California > Joshua Tree National Park > Hidden Valley Area > Hidden Valley Campground > Intersection Rock",3.0,4,Lead,Onsight,Trad,,100,2400
2018-05-22,"Lower Right Ski Track",5.10,"Sport-y crux.",https://www.mountainproject.com/route/105721720/lower-right-ski-track,1,"California > Joshua Tree National Park > Hidden Valley Area > Hidden Valley Campground > Intersection Rock",2.9,4,Lead,Flash,Trad,,60,3000
2018-05-22,"SW Corner",5.6,"A little run out, but really easy. Nice exposure. ",https://www.mountainproject.com/route/105721747/sw-corner,1,"California > Joshua Tree National Park > Central Joshua Tree > Sheep Pass Area > Ryan Campground > Headstone Rock",3.3,3,Lead,Flash,Sport,,50,1600
2018-05-22,"Northeast Buttress","5.9+ PG13","Led pitches 2, 4, 5, and 7. Bailed because of impeding thunderstorm. Offwidths and squeeze chimneys are really hard. ",https://www.mountainproject.com/route/105862896/northeast-buttress,7,"California > Yosemite National Park > Yosemite Valley > Valley South Side > Cathedral Area > Higher Cathedral Rock",3.6,3,Lead,Fell/Hung,Trad,,,2500
2018-05-21,Dogleg,5.8+,"Ran it out hard to the end. ",https://www.mountainproject.com/route/105722170/dogleg,1,"California > Joshua Tree National Park > Hidden Valley Area > Hidden Valley Campground > The Old Woman > The Old Woman - West Face",2.9,3,Lead,Redpoint,Trad,,80,2200
2018-05-21,Geronimo,5.7,"Short and sweet. Surprisingly pumpy to gain the lip, but it's worth it for the picturesque bathang. ",https://www.mountainproject.com/route/105721639/geronimo,1,"California > Joshua Tree National Park > Hidden Valley Area > Hidden Valley Campground > The Old Woman > The Old Woman - East Face",3.0,4,Lead,Onsight,Trad,,30,1800
2018-05-21,"Double Cross",5.7+,"Eats hands. Classic! ",https://www.mountainproject.com/route/105721615/double-cross,1,"California > Joshua Tree National Park > Hidden Valley Area > Hidden Valley Campground > The Old Woman > The Old Woman - West Face",3.5,4,Lead,Onsight,Trad,,95,1900
2018-05-21,"Bearded Cabbage",5.10c,"Bailed at bolt. That move into the crack is hard! ",https://www.mountainproject.com/route/105721711/bearded-cabbage,1,"California > Joshua Tree National Park > Hidden Valley Area > Hidden Valley Campground > The Old Woman > The Old Woman - East Face",3.0,4,Lead,Fell/Hung,Trad,,80,3200
2018-05-18,Munginella,5.6,"Very relaxed. ",https://www.mountainproject.com/route/105867008/munginella,3,"California > Yosemite National Park > Yosemite Valley > Valley North Side > E. Yosemite Falls Area > Five Open Books > First Tier",2.8,4,Follow,,Trad,,300,1600
2018-05-18,Selaginella,5.8,"Led pitches 2 and 4. Almost got off route by trying to go right up the face at the end of the last pitch. Don't do that. ",https://www.mountainproject.com/route/106097044/selaginella,4,"California > Yosemite National Park > Yosemite Valley > Valley North Side > E. Yosemite Falls Area > Five Open Books > Second Tier",3.1,4,Lead,Onsight,Trad,,560,2100
2018-05-16,"Winter's End",5.11b,"Too pumped to flash",https://www.mountainproject.com/route/108159481/winters-end,1,"Colorado > Rifle > Rifle Mountain Park > The Sno-Cone Cave",2.4,4,Lead,Fell/Hung,Sport,5.11a,50,4900
2018-05-16,"In Your Face",5.12d,"Bailed close to the top ",https://www.mountainproject.com/route/105753331/in-your-face,1,"Colorado > Rifle > Rifle Mountain Park > Ruckman Cave",3.4,3,Lead,Fell/Hung,Sport,,,7500
2018-05-16,"Beer Run",5.13a,"Bailed at 6th bolt",https://www.mountainproject.com/route/105753859/beer-run,1,"Colorado > Rifle > Rifle Mountain Park > Ruckman Cave",3.9,4,Lead,Fell/Hung,Sport,,100,8600
2018-05-16,"Pinch Fest",5.12b,"Cool pinches; earned my frequent flier miles. ",https://www.mountainproject.com/route/105753328/pinch-fest,1,"Colorado > Rifle > Rifle Mountain Park > Ruckman Cave",3.5,3,Lead,Fell/Hung,Sport,,,6900
2018-05-16,"Dr. Strangelove",5.9,,https://www.mountainproject.com/route/107235965/dr-strangelove,1,"Colorado > Rifle > Rifle Mountain Park > Kubrick's",3.0,3,Lead,Flash,Sport,,70,2400
2018-05-16,"Redmond Barry",5.10b,,https://www.mountainproject.com/route/108256301/redmond-barry,1,"Colorado > Rifle > Rifle Mountain Park > Kubrick's",2.6,3,Lead,Flash,Sport,,60,2900
2018-05-15,"Pump Action",5.12c,"Bailed at last bolt because I was a tired boy",https://www.mountainproject.com/route/108276908/pump-action,1,"Colorado > Rifle > Rifle Mountain Park > The Sno-Cone Cave",3.5,3,Lead,Fell/Hung,Sport,,,7200
2018-05-15,"Lever Action (not Downdraft)",5.11d,"Ouch roof crack",https://www.mountainproject.com/route/105985196/lever-action-not-downdraft,1,"Colorado > Rifle > Rifle Mountain Park > The Sno-Cone Cave",2.8,3,Lead,Fell/Hung,Sport,,100,5500
2018-05-15,"Lovin' You is a Dirty Job",5.10b,,https://www.mountainproject.com/route/109412189/lovin-you-is-a-dirty-job,1,"Colorado > Rifle > Rifle Mountain Park > Ice Cave Walls > Upper Ice Caves (Feline area)",3.1,3,Lead,Flash,Sport,5.10a,100,2900
2018-05-15,Feline,5.11b,,https://www.mountainproject.com/route/105756046/feline,1,"Colorado > Rifle > Rifle Mountain Park > Ice Cave Walls > Upper Ice Caves (Feline area)",3.6,3,Lead,Fell/Hung,Sport,,,4900
2018-05-15,"Rachel's Route",5.7,,https://www.mountainproject.com/route/107784443/rachels-route,1,"Colorado > Rifle > Rifle Mountain Park > Ice Cave Walls > Upper Ice Caves (Feline area)",2.4,3,Lead,Flash,Sport,,60,1800
2018-05-15,"Irish Blood",5.10a,,https://www.mountainproject.com/route/106852720/irish-blood,2,"Colorado > Rifle > Rifle Mountain Park > Ice Cave Walls > Upper Ice Caves (Feline area)",2.0,2,Lead,Flash,Sport,,40,2600
2018-05-05,"Fat and Sassy",5.9,,https://www.mountainproject.com/route/107886770/fat-and-sassy,1,"Illinois > *Jackson Falls > D. East Falls > C. Rainy Day Roof",2.7,3,Lead,Fell/Hung,Sport,,25,2400
2018-05-05,"Sweet Leaf",5.9,,https://www.mountainproject.com/route/108245559/sweet-leaf,1,"Illinois > *Jackson Falls > D. East Falls > C. Rainy Day Roof",2.2,2,Lead,Fell/Hung,Sport,,30,2400
2018-05-05,"The Garden Route",5.10a,,https://www.mountainproject.com/route/106243131/the-garden-route,1,"Illinois > *Jackson Falls > C. North Falls > E. Spleef Peak",2.5,3,Lead,Redpoint,Sport,,,2600
2018-05-05,"Blue Spark",5.8,,https://www.mountainproject.com/route/106197796/blue-spark,1,"Illinois > *Jackson Falls > C. North Falls > E. Spleef Peak",2.6,3,Lead,Redpoint,Sport,5.8,40,2100
2018-05-05,"Through the Smoke",5.9,,https://www.mountainproject.com/route/106197789/through-the-smoke,1,"Illinois > *Jackson Falls > C. North Falls > E. Spleef Peak",2.6,3,Lead,Redpoint,Sport,5.9,40,2400
2018-05-05,"Master Marley",5.10a,,https://www.mountainproject.com/route/106179174/master-marley,1,"Illinois > *Jackson Falls > C. North Falls > E. Spleef Peak",2.9,3,Lead,Redpoint,Sport,5.10a,40,2600
2018-05-05,"Fine Nine",5.9,,https://www.mountainproject.com/route/106039565/fine-nine,1,"Illinois > *Jackson Falls > C. North Falls > D. Lovely Tower",3.2,4,Lead,Redpoint,Sport,5.9,55,2400
2018-05-05,"Who Let the Snakes Out",5.10b,,https://www.mountainproject.com/route/106679441/who-let-the-snakes-out,1,"Illinois > *Jackson Falls > C. North Falls > B. Snakes Roof",3.3,4,Lead,Fell/Hung,Sport,5.10b,,2900
2018-05-05,"The Sophomore",5.9,"Wet. ",https://www.mountainproject.com/route/106814168/the-sophomore,1,"Illinois > *Jackson Falls > B. West Falls > E. Exam Wall",2.3,3,Lead,Redpoint,Sport,,,2400
2018-05-05,"The Dagger","5.8 PG13",,https://www.mountainproject.com/route/108355008/the-dagger,1,"Illinois > *Jackson Falls > B. West Falls > D. Battle Axe Tower",2.9,3,Lead,Onsight,Sport,,40,2100
2018-05-05,"Viking Blood",5.12c,,https://www.mountainproject.com/route/106814156/viking-blood,1,"Illinois > *Jackson Falls > B. West Falls > D. Battle Axe Tower",4.0,4,Lead,Fell/Hung,Sport,,,7200
2018-05-05,"The Walrus",5.10b,,https://www.mountainproject.com/route/106410750/the-walrus,1,"Illinois > *Jackson Falls > B. West Falls > A. The Gallery",2.9,3,Lead,Fell/Hung,Sport,,75,2900
2018-05-05,"Cut Throat",5.10b,,https://www.mountainproject.com/route/106357495/cut-throat,1,"Illinois > *Jackson Falls > B. West Falls > A. The Gallery",2.6,3,Lead,Redpoint,Sport,5.10b,55,2900
2018-05-05,"Earthbound Misfit",5.10a,,https://www.mountainproject.com/route/106357485/earthbound-misfit,1,"Illinois > *Jackson Falls > B. West Falls > A. The Gallery",3.2,3,Lead,Redpoint,Sport,5.10a,55,2600
2018-05-05,Psychotherapy,5.10b,,https://www.mountainproject.com/route/106456688/psychotherapy,1,"Illinois > *Jackson Falls > B. West Falls > A. The Gallery",2.7,3,Lead,Redpoint,Sport,5.10b,,2900
2018-05-05,"Group Therapy",5.10c,,https://www.mountainproject.com/route/106357480/group-therapy,1,"Illinois > *Jackson Falls > B. West Falls > A. The Gallery",3.6,4,Lead,Redpoint,Sport,5.10c,60,3200
2018-05-05,"Lone Star",5.9,,https://www.mountainproject.com/route/111146856/lone-star,1,"Illinois > *Jackson Falls > B. West Falls > A. The Gallery",1.9,2,Lead,Redpoint,Sport,5.9,,2400
2018-05-05,Chimichonga,5.8+,,https://www.mountainproject.com/route/106964850/chimichonga,1,"Illinois > *Jackson Falls > A. North Canyon > B. E.M.J. Wall",3.0,3,Lead,Redpoint,Sport,5.8,,2200
2018-05-05,Venom,5.10a,,https://www.mountainproject.com/route/106069022/venom,1,"Illinois > *Jackson Falls > A. North Canyon > A. Mr. Jimmy",3.5,4,Lead,Redpoint,Sport,,,2600
2018-05-05,"Spiders From Mars",5.10b,,https://www.mountainproject.com/route/106278204/spiders-from-mars,1,"Illinois > *Jackson Falls > A. North Canyon > A. Mr. Jimmy",3.3,3,Lead,Redpoint,Sport,5.10b,,2900
2018-05-05,"Big Wall Greg's Chicken Shack",5.6,,https://www.mountainproject.com/route/106017471/big-wall-gregs-chicken-shack,1,"Illinois > *Jackson Falls > A. North Canyon > A. Mr. Jimmy",2.8,3,Lead,Redpoint,"Sport, TR",5.6,,1600
2018-05-05,"Luscious Babes",5.7+,,https://www.mountainproject.com/route/106964844/luscious-babes,1,"Illinois > *Jackson Falls > A. North Canyon > B. E.M.J. Wall",2.9,2,Lead,Redpoint,Sport,5.7,,1900
2018-05-05,"Left of the Arete",5.10a,,https://www.mountainproject.com/route/111193972/left-of-the-arete,1,"Illinois > *Jackson Falls > A. North Canyon > C. Beaver Wall Right",2.5,3,Lead,Redpoint,Sport,5.10a,,2600
2018-05-05,"Cats in the Cradle",5.10b,,https://www.mountainproject.com/route/111193961/cats-in-the-cradle,1,"Illinois > *Jackson Falls > A. North Canyon > C. Beaver Wall Right",3.0,3,Lead,Onsight,Sport,,,2900
2018-05-05,"Unknown 2",5.9,,https://www.mountainproject.com/route/111193906/unknown-2,1,"Illinois > *Jackson Falls > A. North Canyon > C. Beaver Wall Right",2.6,3,Lead,Redpoint,Sport,5.9,,2400
2018-05-05,Unknown,5.9,,https://www.mountainproject.com/route/111193894/unknown,1,"Illinois > *Jackson Falls > A. North Canyon > C. Beaver Wall Right",2.3,3,Lead,Redpoint,Sport,5.9,,2400
2018-05-05,"Mod Squad",5.8-,,https://www.mountainproject.com/route/106931588/mod-squad,1,"Illinois > *Jackson Falls > A. North Canyon > D. Beaver Wall",2.6,3,Lead,Redpoint,Sport,,65,2000
2018-05-05,Electrocutioner,5.8+,,https://www.mountainproject.com/route/106963563/electrocutioner,1,"Illinois > *Jackson Falls > A. North Canyon > I. Railroad Rock",2.7,3,Lead,Redpoint,Sport,,50,2200
2018-05-05,"Wild at Heart",5.11a,,https://www.mountainproject.com/route/106447069/wild-at-heart,1,"Illinois > *Jackson Falls > A. North Canyon > I. Railroad Rock",3.9,4,Lead,Fell/Hung,Sport,,,4600
2018-04-28,Tabernacle,V5,"Yummy. Crank on those finger locks! ",https://www.mountainproject.com/route/112297553/tabernacle,1,"Illinois > *The Holy Boulders > R: Jump for Jesus Area",3.6,4,Lead,Fell/Hung,Boulder,,15,20500
2018-04-28,"Full Grain",V4,"Fun! Slabby! ",https://www.mountainproject.com/route/111359226/full-grain,1,"Illinois > *The Holy Boulders > R: Jump for Jesus Area",3.8,4,Attempt,,Boulder,,15,20400
2018-04-28,"Undercling King",V5-6,,https://www.mountainproject.com/route/108312271/undercling-king,1,"Illinois > *The Holy Boulders > Q: Illuminati Boulders",3.6,4,Lead,Fell/Hung,Boulder,,15,20550
2018-04-28,Enlightenment,V4,"Did all the moves. Just have to put it together! ",https://www.mountainproject.com/route/108312247/enlightenment,1,"Illinois > *The Holy Boulders > Q: Illuminati Boulders",3.6,4,Lead,Fell/Hung,Boulder,,10,20400
2018-04-28,"Embryo Stasis",V4,,https://www.mountainproject.com/route/108601180/embryo-stasis,1,"Illinois > *The Holy Boulders > U: Vultures Nest Boulders",3.4,4,Lead,Fell/Hung,Boulder,,8,20400
2018-04-28,Lowrider,V2,,https://www.mountainproject.com/route/111289197/lowrider,1,"Illinois > *The Holy Boulders > L: Mollusk Boulder",2.3,3,Lead,Onsight,Boulder,,,20200
2018-04-28,Variations,V0-1,,https://www.mountainproject.com/route/108411121/variations,1,"Illinois > *The Holy Boulders > L: Mollusk Boulder",2.4,3,Lead,Flash,Boulder,,10,20050
2018-04-28,"Seams Easy",V5,"Spooky feet. ",https://www.mountainproject.com/route/108397820/seams-easy,1,"Illinois > *The Holy Boulders > F: Shadow of a Man Area",3.4,4,Lead,Redpoint,Boulder,,15,20500
2018-04-28,"Comfortably Numb",V3+,,https://www.mountainproject.com/route/108312228/comfortably-numb,1,"Illinois > *The Holy Boulders > F: Shadow of a Man Area",3.0,4,Lead,Flash,Boulder,,15,20310
2018-04-28,KFC,V2-3,,https://www.mountainproject.com/route/108312256/kfc,1,"Illinois > *The Holy Boulders > F: Shadow of a Man Area",3.0,3,Lead,Redpoint,Boulder,,10,20250
2018-04-28,"The Mollusk",V2-3,,https://www.mountainproject.com/route/108312136/the-mollusk,1,"Illinois > *The Holy Boulders > L: Mollusk Boulder",3.5,4,Lead,Onsight,Boulder,V2,10,20250
2018-04-28,"Shadow of a Man",V5,"Hmm. Need to figure out how to pull from crimp to jug. ",https://www.mountainproject.com/route/108312154/shadow-of-a-man,1,"Illinois > *The Holy Boulders > F: Shadow of a Man Area",3.8,4,Lead,Fell/Hung,Boulder,,15,20500
2018-04-21,Venom,5.10a,"Belayed Indro on it as he hung the draws. It took him about 1.5 hours, but he knocked out his first 10 lead! ",https://www.mountainproject.com/route/106069022/venom,1,"Illinois > *Jackson Falls > A. North Canyon > A. Mr. Jimmy",3.5,4,Lead,Redpoint,Sport,,,2600
2018-04-21,"Viking Blood",5.12c,"Down she goes! First send harder than 12a. Worked it once then got the send on the second burn. Felt really good to set a goal for the weekend then do it exactly as planned. ",https://www.mountainproject.com/route/106814156/viking-blood,1,"Illinois > *Jackson Falls > B. West Falls > D. Battle Axe Tower",4.0,4,Lead,Redpoint,Sport,,,7200
2018-04-21,"Red Corvette",5.13a,,https://www.mountainproject.com/route/106130227/red-corvette,1,"Illinois > *Jackson Falls > A. North Canyon > D. Beaver Wall",3.8,-1,Lead,Fell/Hung,Sport,,45,8600
2018-04-21,"The Voice",5.12d,,https://www.mountainproject.com/route/107942580/the-voice,1,"Illinois > *Jackson Falls > A. North Canyon > A. Mr. Jimmy",4.0,4,Lead,Fell/Hung,Sport,,60,7500
2018-04-06,"Split Decision",5.12d,Oof,https://www.mountainproject.com/route/112345712/split-decision,1,"Illinois > *Jackson Falls > C. North Falls > D. Lovely Tower",3.4,3,TR,,Sport,,55,7500
2018-04-06,"Hidden Treasures",5.12a,"Knocked it out in two. Just had to commit to the deadpoint. Keep that right foot low. ",https://www.mountainproject.com/route/106125028/hidden-treasures,2,"Illinois > *Jackson Falls > C. North Falls > D. Lovely Tower",3.7,4,Lead,Redpoint,Sport,5.12a,40,6600
2018-04-06,Energizer,5.12a,"Pumpy! Really wet and sandy towards the top. ",https://www.mountainproject.com/route/108438317/energizer,1,"Illinois > *Jackson Falls > B. West Falls > B. Black Sheep Boulder",3.8,3,Lead,Fell/Hung,Sport,,,6600
2018-04-06,"The Reckoning",5.12a,"Sent after another three (grueling) tries. Commit to the throw to the chains! ",https://www.mountainproject.com/route/106814134/the-reckoning,1,"Illinois > *Jackson Falls > B. West Falls > D. Battle Axe Tower",3.9,4,Lead,Redpoint,Sport,,,6600
2018-04-06,"Ego Tripping",5.10b,"Ouch oof my cold hands",https://www.mountainproject.com/route/106931729/ego-tripping,1,"Illinois > *Jackson Falls > A. North Canyon > I. Railroad Rock",2.9,3,Lead,Redpoint,Sport,5.10a,65,2900
2018-04-06,"Butcher of Baghdad",5.13a,"Bailed at last bolt because it was super wet.",https://www.mountainproject.com/route/106061387/butcher-of-baghdad,1,"Illinois > *Jackson Falls > A. North Canyon > J. Railroad Rock Cliffline",3.9,4,Lead,Fell/Hung,Sport,,50,8600
2018-03-04,"Space Cowboy",5.12b,"Bailed and downlead at 3rd to last bolt. Alas. ",https://www.mountainproject.com/route/113635720/space-cowboy,1,"Illinois > *Jackson Falls > E. South Canyon > G. Belleville - Space Cowboy Wall",3.4,3,Lead,Fell/Hung,Sport,,40,6900
2018-03-03,"Kill Bill",5.10b,"Neat and slabby. Found more than one good undercling, oddly enough. ",https://www.mountainproject.com/route/106061440/kill-bill,1,"Illinois > *Jackson Falls > E. South Canyon > I. The Ranch",2.7,3,Lead,Redpoint,Sport,5.10a,50,2900
2018-03-03,"Disco Fever",5.12c,"Tough. Ouch. ",https://www.mountainproject.com/route/113599532/disco-fever,1,"Illinois > *Jackson Falls > E. South Canyon > I. The Ranch",3.3,3,Lead,Fell/Hung,Sport,,50,7200
2018-03-03,"You Can't Take the Sky From Me",5.10c,"Only got to inversion. Very core intensive. Point feet out? ",https://www.mountainproject.com/route/113653333/you-cant-take-the-sky-from-me,1,"Illinois > *Jackson Falls > E. South Canyon > G. Belleville - Space Cowboy Wall",3.8,4,Lead,Fell/Hung,Trad,,70,3200
2018-03-03,Swabbe,5.11a,"I thought this was 10b?",https://www.mountainproject.com/route/108112104/swabbe,1,"Illinois > *Jackson Falls > E. South Canyon > H. The SS Minnow",2.9,3,Lead,Onsight,Sport,5.10c,40,4600
2018-03-03,"Eminent Domain",5.12d,"Bailed at razor crimp :(",https://www.mountainproject.com/route/108796771/eminent-domain,1,"Illinois > *Jackson Falls > B. West Falls > D. Battle Axe Tower",3.6,3,Lead,Fell/Hung,Sport,,40,7500
2018-03-03,Venom,5.10a,"An oldie but a goodie. Probably the 6th time I've done it. ",https://www.mountainproject.com/route/106069022/venom,1,"Illinois > *Jackson Falls > A. North Canyon > A. Mr. Jimmy",3.5,4,Lead,Redpoint,Sport,,,2600
2018-03-03,"The Sophomore",5.9,"Ran up quickly to clean it after Dan lead. ",https://www.mountainproject.com/route/106814168/the-sophomore,1,"Illinois > *Jackson Falls > B. West Falls > E. Exam Wall",2.3,3,TR,,Sport,,,2400
2018-03-03,"Viking Blood",5.12c,"Did better on the crimp throw. It'll go with a few more tries. Remember: left hand in big pocket at top. After the ledge, grab right and reach up. Look around. ",https://www.mountainproject.com/route/106814156/viking-blood,1,"Illinois > *Jackson Falls > B. West Falls > D. Battle Axe Tower",4.0,4,Lead,Fell/Hung,Sport,,,7200
2018-01-12,"Bicho Borracho",5.12a,"First 12 onsight! Longest send of my life. Got off route and almost blew it at least twice. ",https://www.mountainproject.com/route/108627672/bicho-borracho,1,"International > North America > Mexico > Nuevo Leon > El Potrero Chico > The Dihedrals",3.3,4,Lead,Onsight,Sport,,140,6600
2018-01-12,"Dead Man Walking",5.9,"Confirmed I don't super like crack climbing. ",https://www.mountainproject.com/route/106085470/dead-man-walking,1,"International > North America > Mexico > Nuevo Leon > El Potrero Chico > The Dihedrals",3.5,2,Lead,Onsight,"Trad, Sport",,135,2400
2018-01-12,"Remember The Alamo",5.9,"Linked first two pitches to climb as single pitch route. ",https://www.mountainproject.com/route/110160913/remember-the-alamo,2,"International > North America > Mexico > Nuevo Leon > El Potrero Chico > The Dihedrals",2.6,3,Lead,Onsight,Sport,,225,2400
2018-01-12,Guppie,5.12b,,https://www.mountainproject.com/route/106183120/guppie,1,"International > North America > Mexico > Nuevo Leon > El Potrero Chico > The Surf Bowl",3.5,4,Lead,Fell/Hung,Sport,,95,6900
2018-01-12,"Surfer Rosa",5.13a,"Got to fifth bolt. Didn't finish. Tufa crux required massive pinch strength. ",https://www.mountainproject.com/route/106386750/surfer-rosa,1,"International > North America > Mexico > Nuevo Leon > El Potrero Chico > The Surf Bowl",3.9,4,Lead,Fell/Hung,Sport,,90,8600
2018-01-11,"31-foot smurf",5.9,,https://www.mountainproject.com/route/106389654/31-foot-smurf,1,"International > North America > Mexico > Nuevo Leon > El Potrero Chico > Virgin Canyon > Cat Wall",2.8,3,Lead,Onsight,Sport,,100,2400
2018-01-11,"XL Puff Sneaker",5.11c,"Hung because I didn't see where the bolt line went :(",https://www.mountainproject.com/route/106185023/xl-puff-sneaker,1,"International > North America > Mexico > Nuevo Leon > El Potrero Chico > Virgin Canyon > The Surf Board",2.8,4,Lead,Fell/Hung,Sport,,70,5200
2018-01-11,"La Flakita",5.10b,"Fun, cozy climb. ",https://www.mountainproject.com/route/111553924/la-flakita,1,"International > North America > Mexico > Nuevo Leon > El Potrero Chico > Virgin Canyon > Cat Wall",3.0,3,Lead,Onsight,Sport,,80,2900
2018-01-11,Habanero,5.12b,"Almost onsighted! Blew last move because I didn't see the hold. ",https://www.mountainproject.com/route/107395879/habanero,1,"International > North America > Mexico > Nuevo Leon > El Potrero Chico > The Outrage Wall",3.8,4,Lead,Fell/Hung,Sport,,140,6900
2018-01-11,Selam,5.10-,,https://www.mountainproject.com/route/106333385/selam,1,"International > North America > Mexico > Nuevo Leon > El Potrero Chico > Virgin Canyon > Lower Virgin",3.4,4,Lead,Onsight,Sport,,130,2700
2018-01-11,"Tacos de Trump",5.10b,"Cute little route. Slick slabby tufa rock. ",https://www.mountainproject.com/route/112334538/tacos-de-trump,1,"International > North America > Mexico > Nuevo Leon > El Potrero Chico > The Outrage Wall",2.1,3,Lead,Onsight,Sport,,65,2900
2018-01-10,"Mr. Fluffer's Wild Ride",5.9+,,https://www.mountainproject.com/route/106177294/mr-fluffers-wild-ride,1,"International > North America > Mexico > Nuevo Leon > El Potrero Chico > Las Estrellas Canyon > Las Estrellas Main Wall",3.0,4,Lead,Onsight,Sport,,135,2500
2018-01-10,"The Devils Tongue",5.12b,"Second pitch 11d/12a? Fun sideways compression move to reach the second tufa. Third pitch was slabby and hard. ",https://www.mountainproject.com/route/106265810/the-devils-tongue,3,"International > North America > Mexico > Nuevo Leon > El Potrero Chico > Las Estrellas Canyon > Club Mex Wall",3.3,4,Lead,Fell/Hung,Sport,,300,6900
2018-01-10,"Mugre Mugre","5.10d PG13",,https://www.mountainproject.com/route/107050535/mugre-mugre,1,"International > North America > Mexico > Nuevo Leon > El Potrero Chico > Virgin Canyon > Lower Virgin",3.4,3,Lead,Onsight,Sport,,90,3500
2018-01-10,"Don Quixote",5.11d,"Sweet dihedral. Tricky smeary crux! ",https://www.mountainproject.com/route/106186161/don-quixote,1,"International > North America > Mexico > Nuevo Leon > El Potrero Chico > Virgin Canyon > Lower Virgin",3.6,4,Lead,Fell/Hung,Sport,,80,5500
2018-01-08,"Time Wave Zero",5.12a,"Led pitches... Uhh... A lot",https://www.mountainproject.com/route/106087605/time-wave-zero,22,"International > North America > Mexico > Nuevo Leon > El Potrero Chico > Timewave Buttress",3.8,3,Lead,Fell/Hung,Sport,,2300,6600
2018-01-06,"El Sendero Diablo (The Devil's Path)",5.11c,"Led pitches 2, 4, and 5. Amazing, varied climbing. ",https://www.mountainproject.com/route/106175808/el-sendero-diablo-the-devils-path,6,"International > North America > Mexico > Nuevo Leon > El Potrero Chico > The Outrage Wall",3.8,4,Lead,Fell/Hung,Sport,5.11c,600,5200
2018-01-05,"Pancho Villa Rides Again",5.10c,,https://www.mountainproject.com/route/105939475/pancho-villa-rides-again,5,"International > North America > Mexico > Nuevo Leon > El Potrero Chico > Mota Wall",3.5,3,Lead,Onsight,Sport,5.10c,500,3200
2018-01-04,"Treasure of the Sierra Madre",5.10c,,https://www.mountainproject.com/route/105949507/treasure-of-the-sierra-madre,7,"International > North America > Mexico > Nuevo Leon > El Potrero Chico > Mota Wall",3.5,3,Lead,Onsight,Sport,5.10c,700,3200
2018-01-03,"This Dog's Life",5.10a,,https://www.mountainproject.com/route/105920189/this-dogs-life,1,"International > North America > Mexico > Nuevo Leon > El Potrero Chico > Mota Wall",2.6,3,Lead,Onsight,Sport,5.10a,95,2600
2018-01-03,"Caguama Queen",5.9,,https://www.mountainproject.com/route/105920195/caguama-queen,2,"International > North America > Mexico > Nuevo Leon > El Potrero Chico > Mota Wall",2.4,3,Lead,Onsight,Sport,5.9,95,2400
2017-12-03,"The Monument",5.9,,https://www.mountainproject.com/route/106085680/the-monument,1,"Illinois > *Jackson Falls > E. South Canyon > C. Hidden Peaks > E.  The Monument",2.8,4,Lead,Redpoint,Sport,5.9,50,2400
2017-12-03,"Detox Mountain",5.12a,"It&#39;s done! First 12a send is in the books.",https://www.mountainproject.com/route/106062086/detox-mountain,1,"Illinois > *Jackson Falls > E. South Canyon > C. Hidden Peaks > C. Cranial/Detox Wall",3.9,4,Lead,Redpoint,Sport,,50,6600
2017-12-03,"Groovy Marcia!",5.9,"Very uncomfortable at the time, but the more I think about it, the more I like it now.",https://www.mountainproject.com/route/106061431/groovy-marcia,1,"Illinois > *Jackson Falls > E. South Canyon > I. The Ranch",3.3,4,Lead,Onsight,Sport,,45,2400
2017-12-03,"Ever Ready Betty",5.12a,"Boy is that a tricky crux. Pulled on second draw to reach past it. The rest was pretty smooth",https://www.mountainproject.com/route/107943627/ever-ready-betty,1,"Illinois > *Jackson Falls > E. South Canyon > I. The Ranch",3.4,3,Lead,Fell/Hung,Sport,,,6600
2017-12-02,"Flappin' Jack",5.9,"Weird slabby stuff",https://www.mountainproject.com/route/111239524/flappin-jack,1,"Illinois > *Jackson Falls > B. West Falls > F. Dynasty Wall",2.7,3,Lead,Onsight,Sport,,,2400
2017-12-02,"The Sophomore",5.9,"Barefoot. Kind of sharp on the feet.",https://www.mountainproject.com/route/106814168/the-sophomore,1,"Illinois > *Jackson Falls > B. West Falls > E. Exam Wall",2.3,3,Lead,Onsight,Sport,,,2400
2017-12-02,"Viking Blood",5.12c,"Super fun. Mighty thin crimps. The crimp dyno goes static (but that&#39;s boring).",https://www.mountainproject.com/route/106814156/viking-blood,1,"Illinois > *Jackson Falls > B. West Falls > D. Battle Axe Tower",4.0,4,Lead,Fell/Hung,Sport,,,7200
2017-12-02,"The Reckoning",5.12a,"One move away from the onsight! Fell at the move to the anchors. Sweet route, though.",https://www.mountainproject.com/route/106814134/the-reckoning,1,"Illinois > *Jackson Falls > B. West Falls > D. Battle Axe Tower",3.9,4,Lead,Fell/Hung,Sport,,,6600
2017-11-20,"Austrian Ass Attack",5.12a,"Amazing hand jams to start. ",https://www.mountainproject.com/route/105986443/austrian-ass-attack,1,"Arkansas > North-Central Arkansas > Horseshoe Canyon Ranch > Goat Cave",3.0,4,Lead,Fell/Hung,Sport,5.11d,50,6600
2017-11-20,"Crimp Scampi",5.10d,,https://www.mountainproject.com/route/105970881/crimp-scampi,1,"Arkansas > North-Central Arkansas > Horseshoe Canyon Ranch > North Side > North Forty Routes",3.5,3,Lead,Fell/Hung,Sport,5.10d,70,3500
2017-11-19,"Learning to Fly",5.10c,"Pumpy! ",https://www.mountainproject.com/route/106049435/learning-to-fly,1,"Arkansas > North-Central Arkansas > Horseshoe Canyon Ranch > Prophecy Wall",3.6,3,Lead,Onsight,Sport,5.10c,55,3200
2017-11-19,"Egyptian Airbus",5.12c,"I must have done it wrong. I didn't do a dyno, and the route didn't feel any harder than 12a.",https://www.mountainproject.com/route/105986411/egyptian-airbus,1,"Arkansas > North-Central Arkansas > Horseshoe Canyon Ranch > Prophecy Wall",3.4,4,Lead,Fell/Hung,Sport,5.12a,65,7200
2017-11-19,"Port Side",5.11a,"Really cool stemming. Getting over the roof was tricky. ",https://www.mountainproject.com/route/105965234/port-side,1,"Arkansas > North-Central Arkansas > Horseshoe Canyon Ranch > Titanic Boulder",3.3,4,Lead,Onsight,Sport,5.10d,35,4600
2017-11-19,"Cradle of the Deep",5.13a,"Inspiring and aesthetic line. I'll have to come back for the send! ",https://www.mountainproject.com/route/105987725/cradle-of-the-deep,1,"Arkansas > North-Central Arkansas > Horseshoe Canyon Ranch > Titanic Boulder",3.3,4,Lead,Fell/Hung,Sport,"5.13a PG13",,8600
2017-11-19,"Gracie's Eight",5.8+,"Super fun laybacks near the top",https://www.mountainproject.com/route/106029776/gracies-eight,1,"Arkansas > North-Central Arkansas > Horseshoe Canyon Ranch > The Far East",3.0,4,Lead,Onsight,Sport,5.8+,55,2200
2017-11-19,"Supersoul Sureshot",5.12c,,https://www.mountainproject.com/route/105988238/supersoul-sureshot,1,"Arkansas > North-Central Arkansas > Horseshoe Canyon Ranch > The Far East",3.8,4,Lead,Fell/Hung,Sport,5.12c,55,7200
2017-11-19,"Horseshoes and Hand Grenades",5.11a,,https://www.mountainproject.com/route/106026838/horseshoes-and-hand-grenades,1,"Arkansas > North-Central Arkansas > Horseshoe Canyon Ranch > The Far East",3.7,4,Lead,Fell/Hung,Sport,5.11a,60,4600
2017-11-18,"Acree Prime",5.7,"I might have skipped half of the bolts... ",https://www.mountainproject.com/route/108378597/acree-prime,1,"Arkansas > North-Central Arkansas > Horseshoe Canyon Ranch > Roman Wall",2.4,3,Lead,Onsight,Sport,5.7,40,1800
2017-11-18,Boronocus,5.11b/c,,https://www.mountainproject.com/route/105970909/boronocus,1,"Arkansas > North-Central Arkansas > Horseshoe Canyon Ranch > Roman Wall",3.7,4,Lead,Fell/Hung,Sport,5.11b,85,5100
2017-11-18,Maximus,5.12a,"Go for the jug up and right of the last bolt to get the clip",https://www.mountainproject.com/route/106730323/maximus,2,"Arkansas > North-Central Arkansas > Horseshoe Canyon Ranch > Roman Wall",3.6,4,Lead,Fell/Hung,Sport,5.12a,75,6600
2017-11-18,Commodus,5.10b,"First pitch of Maximus ",https://www.mountainproject.com/route/105970902/commodus,1,"Arkansas > North-Central Arkansas > Horseshoe Canyon Ranch > Roman Wall",3.4,3,Lead,Onsight,Sport,5.10b,65,2900
2017-11-18,"Season of the Storm",5.10a,"Cool undercling",https://www.mountainproject.com/route/106269043/season-of-the-storm,1,"Arkansas > North-Central Arkansas > Horseshoe Canyon Ranch > North Side > North Forty Routes",3.0,3,Lead,Onsight,Sport,5.10a,65,2600
2017-11-18,"Sonny Jim",5.11a,,https://www.mountainproject.com/route/105970892/sonny-jim,1,"Arkansas > North-Central Arkansas > Horseshoe Canyon Ranch > North Side > North Forty Routes",3.2,3,Lead,Onsight,Sport,5.11a,70,4600
2017-11-18,"Lavender Eye",5.12a,,https://www.mountainproject.com/route/105970888/lavender-eye,1,"Arkansas > North-Central Arkansas > Horseshoe Canyon Ranch > North Side > North Forty Routes",3.0,4,Lead,Fell/Hung,Sport,5.12a,70,6600
2017-11-18,"First Normal Form",5.10a,"Great barefoot climb. I thought it was really soft. ",https://www.mountainproject.com/route/105976438/first-normal-form,1,"Arkansas > North-Central Arkansas > Horseshoe Canyon Ranch > North Side > North Forty Routes",3.0,4,Lead,Onsight,Sport,5.8,65,2600
2017-11-18,"Green Goblin",5.8,"Did barefoot",https://www.mountainproject.com/route/105965785/green-goblin,1,"Arkansas > North-Central Arkansas > Horseshoe Canyon Ranch > North Side > North Forty Routes",3.5,4,Lead,Onsight,Sport,5.8,65,2100
2017-11-18,"Big Top",5.11b,,https://www.mountainproject.com/route/105980008/big-top,1,"Arkansas > North-Central Arkansas > Horseshoe Canyon Ranch > North Side > North Forty Routes",3.5,3,Lead,Fell/Hung,Sport,5.11b,65,4900
2017-11-18,"Zeke's Didge Dance",5.10b,,https://www.mountainproject.com/route/108369875/zekes-didge-dance,1,"Arkansas > North-Central Arkansas > Horseshoe Canyon Ranch > North Side > North Forty Routes",2.6,3,Lead,Onsight,Sport,5.10b,,2900
2017-11-18,"Fat Hand",5.12a,"One move wonder",https://www.mountainproject.com/route/106299414/fat-hand,1,"Arkansas > North-Central Arkansas > Horseshoe Canyon Ranch > North Side > North Forty Routes",3.6,3,Lead,Fell/Hung,Sport,5.12a,65,6600
2017-11-05,"Party Time",5.7,"Led P1",https://www.mountainproject.com/route/105870326/party-time,2,"Kentucky > Red River Gorge > Northern Gorge > Fortress Wall",3.4,3,Lead,Onsight,Trad,5.8,110,1800
2017-11-05,"Bedtime for Bonzo",5.6,"Led P1",https://www.mountainproject.com/route/105871977/bedtime-for-bonzo,2,"Kentucky > Red River Gorge > Northern Gorge > Fortress Wall",3.3,3,Lead,Onsight,Trad,5.6,100,1600
2017-11-04,"Now I'm Nothing","5.11c V3 X",,https://www.mountainproject.com/route/105868029/now-im-nothing,1,"Kentucky > Red River Gorge > Northern Gorge > Long Wall",3.1,3,TR,,"Trad, TR, Boulder","5.11c V3 PG13",20,5200
2017-11-04,"The Gift",5.12a,,https://www.mountainproject.com/route/105917897/the-gift,1,"Kentucky > Red River Gorge > Northern Gorge > Long Wall",3.9,4,Lead,Fell/Hung,Sport,5.12a,70,6600
2017-11-04,"Rock Wars",5.10a,,https://www.mountainproject.com/route/105868000/rock-wars,2,"Kentucky > Red River Gorge > Northern Gorge > Long Wall",3.9,3,TR,,Trad,5.10a,110,2600
2017-11-04,"Hot September",5.9,,https://www.mountainproject.com/route/106417287/hot-september,1,"Kentucky > Red River Gorge > Northern Gorge > Long Wall",3.6,3,TR,,Trad,"5.9 R",100,2400
2017-11-04,Autumn,5.9,,https://www.mountainproject.com/route/105868022/autumn,1,"Kentucky > Red River Gorge > Northern Gorge > Long Wall",3.7,4,Lead,Flash,Trad,5.9,80,2400
2017-10-29,"Four Bettys",5.10d,,https://www.mountainproject.com/route/112463204/four-bettys,1,"Illinois > *Jackson Falls > F. The Promised Land",3.1,3,Lead,Fell/Hung,Sport,5.10d,,3500
2017-10-29,"Balance of Power",5.12c,,https://www.mountainproject.com/route/113664757/balance-of-power,1,"Illinois > *Jackson Falls > F. The Promised Land",4.0,4,Lead,Fell/Hung,Sport,5.12c,70,7200
2017-10-29,"Team Honda",5.12a,,https://www.mountainproject.com/route/113512695/team-honda,1,"Illinois > *Jackson Falls > F. The Promised Land",3.8,4,Lead,Fell/Hung,Sport,5.12a,65,6600
2017-10-29,"Remove la Ropa",5.12b,,https://www.mountainproject.com/route/109955943/remove-la-ropa,1,"Illinois > *Jackson Falls > F. The Promised Land",3.7,4,Lead,Fell/Hung,Sport,5.12a,50,6900
2017-10-08,"Witness the Citrus",5.11c,,https://www.mountainproject.com/route/110356279/witness-the-citrus,1,"Kentucky > Red River Gorge > Miller Fork Recreational Preserve (MFRP) > Fruit Wall",3.9,4,Lead,Fell/Hung,Sport,5.11c,95,5200
2017-10-07,"Colt 45",5.12b,,https://www.mountainproject.com/route/110428482/colt-45,1,"Kentucky > Red River Gorge > Pendergrass-Murray Recreational Preserve (PMRP) > Chica Bonita Wall",3.3,-1,Lead,Fell/Hung,Sport,5.12b,75,6900
2017-10-07,"Old English",5.10c,,https://www.mountainproject.com/route/108121461/old-english,1,"Kentucky > Red River Gorge > Pendergrass-Murray Recreational Preserve (PMRP) > Chica Bonita Wall",3.1,-1,Lead,Onsight,Sport,5.10b,75,3200
2017-10-07,"Cheaper Than a Movie",5.8,,https://www.mountainproject.com/route/106064911/cheaper-than-a-movie,1,"Kentucky > Red River Gorge > Pendergrass-Murray Recreational Preserve (PMRP) > Chica Bonita Wall",3.6,4,Lead,Onsight,Trad,5.8,100,2100
2017-10-07,"Be My Yoko Ono",5.8-,,https://www.mountainproject.com/route/107861392/be-my-yoko-ono,1,"Kentucky > Red River Gorge > Pendergrass-Murray Recreational Preserve (PMRP) > Chica Bonita Wall",2.4,3,Lead,Onsight,Trad,5.8,70,2000
2017-10-07,"Brown Eyed Girl",5.10a,,https://www.mountainproject.com/route/106065316/brown-eyed-girl,1,"Kentucky > Red River Gorge > Pendergrass-Murray Recreational Preserve (PMRP) > Chica Bonita Wall",3.2,3,Lead,Onsight,Sport,5.10a,70,2600
2017-09-04,"Detox Mountain",5.12a,"Made it through the first three bolts before I hung. More endurance needed! ",https://www.mountainproject.com/route/106062086/detox-mountain,1,"Illinois > *Jackson Falls > E. South Canyon > C. Hidden Peaks > C. Cranial/Detox Wall",3.9,4,Lead,Fell/Hung,Sport,,50,6600
2017-09-03,"Cro-Magnon Warrior",5.12b,"Beautiful and pumpy. ",https://www.mountainproject.com/route/108439315/cro-magnon-warrior,1,"Illinois > *Jackson Falls > C. North Falls > F. The Doors",4.0,4,Lead,Fell/Hung,Sport,5.12b,,6900
2017-09-03,"Hidden Treasures",5.12a,"One hung for the second time. Still just as fun! ",https://www.mountainproject.com/route/106125028/hidden-treasures,1,"Illinois > *Jackson Falls > C. North Falls > D. Lovely Tower",3.7,4,Lead,Fell/Hung,Sport,5.12a,40,6600
2017-09-02,"Slab Stick Comedy",5.12a,"Powerful smears. Not convinced I want to do it on lead. ",https://www.mountainproject.com/route/106061378/slab-stick-comedy,1,"Illinois > *Jackson Falls > A. North Canyon > J. Railroad Rock Cliffline",3.2,3,TR,,Sport,5.12a,50,6600
2017-09-02,Creeper,5.9-,"First trad lead! ",https://www.mountainproject.com/route/106061393/creeper,1,"Illinois > *Jackson Falls > A. North Canyon > J. Railroad Rock Cliffline",2.9,3,Lead,Onsight,Trad,5.9,50,2300
2017-08-21,"The Road To Serfdom",5.10c/d,"Not great rock quality. Holds broke on both me and the climber before me. ",https://www.mountainproject.com/route/107943612/the-road-to-serfdom,1,"Illinois > *Jackson Falls > E. South Canyon > C. Hidden Peaks > E.  The Monument",2.5,2,Lead,Fell/Hung,Sport,5.10c,50,3400
2017-08-21,"The Carpenter",5.11a,"Technical crimps in the middle, but kind of dirty and slopey up at the chains. ",https://www.mountainproject.com/route/108338129/the-carpenter,1,"Illinois > *Jackson Falls > E. South Canyon > C. Hidden Peaks > C. Cranial/Detox Wall",3.1,3,Lead,Fell/Hung,Sport,5.11a,60,4600
2017-07-08,"Detox Mountain",5.12a,,https://www.mountainproject.com/route/106062086/detox-mountain,1,"Illinois > *Jackson Falls > E. South Canyon > C. Hidden Peaks > C. Cranial/Detox Wall",3.9,4,Lead,Fell/Hung,Sport,,50,6600
2016-02-20,"Tina's Soul Food Kitchen",5.7+,,https://www.mountainproject.com/route/107384893/tinas-soul-food-kitchen,1,"Illinois > *Jackson Falls > C. North Falls > A. Royal Arches Wall",2.3,3,Follow,,Sport,5.8,70,1900
2016-02-20,"Deetle Dumps",5.8,,https://www.mountainproject.com/route/106243152/deetle-dumps,1,"Illinois > *Jackson Falls > C. North Falls > A. Royal Arches Wall",3.0,4,Follow,,Sport,5.8,,2100
2016-02-20,Chimichonga,5.8+,"First lead",https://www.mountainproject.com/route/106964850/chimichonga,1,"Illinois > *Jackson Falls > A. North Canyon > B. E.M.J. Wall",3.0,3,Lead,Onsight,Sport,5.8,,2200
2016-02-20,"Yosemite Slab",V0,,https://www.mountainproject.com/route/109933221/yosemite-slab,1,"Illinois > *Jackson Falls > Z. Bouldering in the Canyon Proper > Yosemite Slab",3.7,4,Flash,,Boulder,V0,40,20008
